product,price,primary_image_url,all_image_urls
"""BASEBALL"" DESIGN APPAREL",$27.95,https://img1.wsimg.com/isteam/ip/26553ac1-dddf-4707-9a36-819438d1743f/A4-77a2597.png,https://img1.wsimg.com/isteam/ip/26553ac1-dddf-4707-9a36-819438d1743f/A4-77a2597.png | https://img1.wsimg.com/isteam/ip/26553ac1-dddf-4707-9a36-819438d1743f/A7-f08d803.png | https://img1.wsimg.com/isteam/ip/26553ac1-dddf-4707-9a36-819438d1743f/A6-f217967.png | https://img1.wsimg.com/isteam/ip/26553ac1-dddf-4707-9a36-819438d1743f/A5-8158899.png | https://img1.wsimg.com/isteam/ip/26553ac1-dddf-4707-9a36-819438d1743f/A4-2a28a7d.png
"""GLITTER"" CHEER GEAR",$29.95,https://img1.wsimg.com/isteam/ip/26553ac1-dddf-4707-9a36-819438d1743f/ARL-ea20a0b.png,https://img1.wsimg.com/isteam/ip/26553ac1-dddf-4707-9a36-819438d1743f/ARL-ea20a0b.png | https://img1.wsimg.com/isteam/ip/26553ac1-dddf-4707-9a36-819438d1743f/ARL2-db133e8.png | https://img1.wsimg.com/isteam/ip/26553ac1-dddf-4707-9a36-819438d1743f/ARL1-e2c2655.png | https://img1.wsimg.com/isteam/ip/26553ac1-dddf-4707-9a36-819438d1743f/ARL2-710cf85.png | https://img1.wsimg.com/isteam/ip/26553ac1-dddf-4707-9a36-819438d1743f/ARL2-68dbdf0.png | https://img1.wsimg.com/isteam/ip/26553ac1-dddf-4707-9a36-819438d1743f/B-0450c8e.png
"""MOM"" SPORT SPECIFIC DESIGN",$27.95,https://img1.wsimg.com/isteam/ip/26553ac1-dddf-4707-9a36-819438d1743f/A21-7a7ae26.png,https://img1.wsimg.com/isteam/ip/26553ac1-dddf-4707-9a36-819438d1743f/A21-7a7ae26.png | https://img1.wsimg.com/isteam/ip/26553ac1-dddf-4707-9a36-819438d1743f/ARL-2bb801c.png | https://img1.wsimg.com/isteam/ip/26553ac1-dddf-4707-9a36-819438d1743f/ARL2-7787662.png | https://img1.wsimg.com/isteam/ip/26553ac1-dddf-4707-9a36-819438d1743f/ARL1-22a67e9.png | https://img1.wsimg.com/isteam/ip/26553ac1-dddf-4707-9a36-819438d1743f/B-706a3b0.png
"""PLATE"" DESIGN APPAREL",$27.95,https://img1.wsimg.com/isteam/ip/26553ac1-dddf-4707-9a36-819438d1743f/A4-0facad3.png,https://img1.wsimg.com/isteam/ip/26553ac1-dddf-4707-9a36-819438d1743f/A4-0facad3.png | https://img1.wsimg.com/isteam/ip/26553ac1-dddf-4707-9a36-819438d1743f/A8-030d4d9.png | https://img1.wsimg.com/isteam/ip/26553ac1-dddf-4707-9a36-819438d1743f/A6-883badb.png | https://img1.wsimg.com/isteam/ip/26553ac1-dddf-4707-9a36-819438d1743f/A7-c31e058.png | https://img1.wsimg.com/isteam/ip/26553ac1-dddf-4707-9a36-819438d1743f/A5-030d4d9.png
"""PROUD EAGLE"" SPIRIT DESIGN",$24.95,https://img1.wsimg.com/isteam/ip/26553ac1-dddf-4707-9a36-819438d1743f/A2-f1e0be2.png,https://img1.wsimg.com/isteam/ip/26553ac1-dddf-4707-9a36-819438d1743f/A2-f1e0be2.png | https://img1.wsimg.com/isteam/ip/26553ac1-dddf-4707-9a36-819438d1743f/A3-bf54604.png | https://img1.wsimg.com/isteam/ip/26553ac1-dddf-4707-9a36-819438d1743f/A4-78a768d.png | https://img1.wsimg.com/isteam/ip/26553ac1-dddf-4707-9a36-819438d1743f/A12-13f9afb.png | https://img1.wsimg.com/isteam/ip/26553ac1-dddf-4707-9a36-819438d1743f/A2-f1e0be2.png
"""R EAGLES SPIRIT APPAREL",$27.95,https://img1.wsimg.com/isteam/ip/26553ac1-dddf-4707-9a36-819438d1743f/A2-06e5271.png,https://img1.wsimg.com/isteam/ip/26553ac1-dddf-4707-9a36-819438d1743f/A2-06e5271.png | https://img1.wsimg.com/isteam/ip/26553ac1-dddf-4707-9a36-819438d1743f/A3-913f0d9.png
"""SERVE"" APPAREL",$27.95,https://img1.wsimg.com/isteam/ip/26553ac1-dddf-4707-9a36-819438d1743f/A9-39e4ee1.png,https://img1.wsimg.com/isteam/ip/26553ac1-dddf-4707-9a36-819438d1743f/A9-39e4ee1.png | https://img1.wsimg.com/isteam/ip/26553ac1-dddf-4707-9a36-819438d1743f/A12%20-%20Copy%20-%20Copy-4c25b17.png | https://img1.wsimg.com/isteam/ip/26553ac1-dddf-4707-9a36-819438d1743f/A11-fa9abb0.png | https://img1.wsimg.com/isteam/ip/26553ac1-dddf-4707-9a36-819438d1743f/A12%20-%20Copy%20-%20Copy%20-%20Copy-b09afef.png | https://img1.wsimg.com/isteam/ip/26553ac1-dddf-4707-9a36-819438d1743f/A12%20-%20Copy%20(2)%20-%20Copy-e02451d.png | https://img1.wsimg.com/isteam/ip/26553ac1-dddf-4707-9a36-819438d1743f/A10-2f85a0b.png
"""SPORT SPECIFIC BALL"" DESIGN",$24.95,https://img1.wsimg.com/isteam/ip/26553ac1-dddf-4707-9a36-819438d1743f/D.png,https://img1.wsimg.com/isteam/ip/26553ac1-dddf-4707-9a36-819438d1743f/D.png | https://img1.wsimg.com/isteam/ip/26553ac1-dddf-4707-9a36-819438d1743f/ARL2.png | https://img1.wsimg.com/isteam/ip/26553ac1-dddf-4707-9a36-819438d1743f/ARL1.png | https://img1.wsimg.com/isteam/ip/26553ac1-dddf-4707-9a36-819438d1743f/ARL.png
"""THE RIDGE"" SPIRIT APPAREL",$24.95,https://img1.wsimg.com/isteam/ip/26553ac1-dddf-4707-9a36-819438d1743f/BC-%20KARENA%20KOPF.png,https://img1.wsimg.com/isteam/ip/26553ac1-dddf-4707-9a36-819438d1743f/BC-%20KARENA%20KOPF.png | https://img1.wsimg.com/isteam/ip/26553ac1-dddf-4707-9a36-819438d1743f/BC-PRESTON%20NAEGELI.png | https://img1.wsimg.com/isteam/ip/26553ac1-dddf-4707-9a36-819438d1743f/BC-KATHY%20FALKNER.png | https://img1.wsimg.com/isteam/ip/26553ac1-dddf-4707-9a36-819438d1743f/C-473981e.png | https://img1.wsimg.com/isteam/ip/26553ac1-dddf-4707-9a36-819438d1743f/A10-21d1bf7.png
"""UNDERLINED EAGLES"" SPIRIT APPAREL",$27.95,https://img1.wsimg.com/isteam/ip/26553ac1-dddf-4707-9a36-819438d1743f/BB%20-%20Copy-ed23945.png,https://img1.wsimg.com/isteam/ip/26553ac1-dddf-4707-9a36-819438d1743f/BB%20-%20Copy-ed23945.png | https://img1.wsimg.com/isteam/ip/26553ac1-dddf-4707-9a36-819438d1743f/ARL2%20-%20Copy-414f862.png | https://img1.wsimg.com/isteam/ip/26553ac1-dddf-4707-9a36-819438d1743f/BC%20PROPOSAL-d3b1b40.png | https://img1.wsimg.com/isteam/ip/26553ac1-dddf-4707-9a36-819438d1743f/BB-2b2d131.png | https://img1.wsimg.com/isteam/ip/26553ac1-dddf-4707-9a36-819438d1743f/ARL1-45f7c48.png | https://img1.wsimg.com/isteam/ip/26553ac1-dddf-4707-9a36-819438d1743f/ARL2-730adc6.png
"""VERTICAL EAGLES"" SPIRIT DESIGN",$27.95,https://img1.wsimg.com/isteam/ip/26553ac1-dddf-4707-9a36-819438d1743f/ARL1-f817c1e.png,https://img1.wsimg.com/isteam/ip/26553ac1-dddf-4707-9a36-819438d1743f/ARL1-f817c1e.png | https://img1.wsimg.com/isteam/ip/26553ac1-dddf-4707-9a36-819438d1743f/ARL2%20-%20Copy.png | https://img1.wsimg.com/isteam/ip/26553ac1-dddf-4707-9a36-819438d1743f/BC%20PROPOSAL-a24c7d0.png | https://img1.wsimg.com/isteam/ip/26553ac1-dddf-4707-9a36-819438d1743f/BB%20-%20Copy.png | https://img1.wsimg.com/isteam/ip/26553ac1-dddf-4707-9a36-819438d1743f/ARL2-11debbf.png | https://img1.wsimg.com/isteam/ip/26553ac1-dddf-4707-9a36-819438d1743f/BB-adb884f.png
"""WE ARE EAGLES"" SPIRIT DESIG",$27.95,https://img1.wsimg.com/isteam/ip/26553ac1-dddf-4707-9a36-819438d1743f/A5-3c7f21c.png,https://img1.wsimg.com/isteam/ip/26553ac1-dddf-4707-9a36-819438d1743f/A5-3c7f21c.png | https://img1.wsimg.com/isteam/ip/26553ac1-dddf-4707-9a36-819438d1743f/A10-0bfc41c.png | https://img1.wsimg.com/isteam/ip/26553ac1-dddf-4707-9a36-819438d1743f/A9-f47d085.png | https://img1.wsimg.com/isteam/ip/26553ac1-dddf-4707-9a36-819438d1743f/A6-3122c16.png
"'ANGLED EAGLES"" SPIRIT DESIGN",$24.95,https://img1.wsimg.com/isteam/ip/26553ac1-dddf-4707-9a36-819438d1743f/A5-4fdbbb7.png,https://img1.wsimg.com/isteam/ip/26553ac1-dddf-4707-9a36-819438d1743f/A5-4fdbbb7.png | https://img1.wsimg.com/isteam/ip/26553ac1-dddf-4707-9a36-819438d1743f/A9-4d1befd.png | https://img1.wsimg.com/isteam/ip/26553ac1-dddf-4707-9a36-819438d1743f/A6-756912b.png | https://img1.wsimg.com/isteam/ip/26553ac1-dddf-4707-9a36-819438d1743f/A11-b6336ec.png | https://img1.wsimg.com/isteam/ip/26553ac1-dddf-4707-9a36-819438d1743f/A8-a7f286e.png | https://img1.wsimg.com/isteam/ip/26553ac1-dddf-4707-9a36-819438d1743f/A10-663651c.png
250 YEARS OF FREEDOM,$29.95,https://img1.wsimg.com/isteam/ip/26553ac1-dddf-4707-9a36-819438d1743f/A1-8288059.png,https://img1.wsimg.com/isteam/ip/26553ac1-dddf-4707-9a36-819438d1743f/A1-8288059.png | https://img1.wsimg.com/isteam/ip/26553ac1-dddf-4707-9a36-819438d1743f/A3-2789020.png | https://img1.wsimg.com/isteam/ip/26553ac1-dddf-4707-9a36-819438d1743f/A6-e6ad921.png | https://img1.wsimg.com/isteam/ip/26553ac1-dddf-4707-9a36-819438d1743f/A4-fe977a3.png | https://img1.wsimg.com/isteam/ip/26553ac1-dddf-4707-9a36-819438d1743f/A2-7f096b5.png | https://img1.wsimg.com/isteam/ip/26553ac1-dddf-4707-9a36-819438d1743f/A7-447688b.png | https://img1.wsimg.com/isteam/ip/26553ac1-dddf-4707-9a36-819438d1743f/A5-76d88e2.png | https://img1.wsimg.com/isteam/ip/26553ac1-dddf-4707-9a36-819438d1743f/A-0adec3b.png
250 YEARS OF FREEDOM APPAREL,$29.95,https://img1.wsimg.com/isteam/ip/26553ac1-dddf-4707-9a36-819438d1743f/A1-8288059.png,https://img1.wsimg.com/isteam/ip/26553ac1-dddf-4707-9a36-819438d1743f/A1-8288059.png | https://img1.wsimg.com/isteam/ip/26553ac1-dddf-4707-9a36-819438d1743f/A3-2789020.png | https://img1.wsimg.com/isteam/ip/26553ac1-dddf-4707-9a36-819438d1743f/A6-e6ad921.png | https://img1.wsimg.com/isteam/ip/26553ac1-dddf-4707-9a36-819438d1743f/A4-fe977a3.png | https://img1.wsimg.com/isteam/ip/26553ac1-dddf-4707-9a36-819438d1743f/A2-7f096b5.png | https://img1.wsimg.com/isteam/ip/26553ac1-dddf-4707-9a36-819438d1743f/A7-447688b.png | https://img1.wsimg.com/isteam/ip/26553ac1-dddf-4707-9a36-819438d1743f/A5-76d88e2.png | https://img1.wsimg.com/isteam/ip/26553ac1-dddf-4707-9a36-819438d1743f/A-0adec3b.png
250TH ANNIVERSARY FLAG DESIGN,$29.95,https://img1.wsimg.com/isteam/ip/26553ac1-dddf-4707-9a36-819438d1743f/A1-6ea2534.png,https://img1.wsimg.com/isteam/ip/26553ac1-dddf-4707-9a36-819438d1743f/A1-6ea2534.png | https://img1.wsimg.com/isteam/ip/26553ac1-dddf-4707-9a36-819438d1743f/A-81a643e.png | https://img1.wsimg.com/isteam/ip/26553ac1-dddf-4707-9a36-819438d1743f/A3-da017f9.png | https://img1.wsimg.com/isteam/ip/26553ac1-dddf-4707-9a36-819438d1743f/A2-7c144b5.png | https://img1.wsimg.com/isteam/ip/26553ac1-dddf-4707-9a36-819438d1743f/A5-da017f9.png | https://img1.wsimg.com/isteam/ip/26553ac1-dddf-4707-9a36-819438d1743f/A4-389192c.png | https://img1.wsimg.com/isteam/ip/26553ac1-dddf-4707-9a36-819438d1743f/A6-4e515dc.png
911 DISPATCHER DESIGN,$27.95,https://img1.wsimg.com/isteam/ip/26553ac1-dddf-4707-9a36-819438d1743f/A9-556582d.png,https://img1.wsimg.com/isteam/ip/26553ac1-dddf-4707-9a36-819438d1743f/A9-556582d.png | https://img1.wsimg.com/isteam/ip/26553ac1-dddf-4707-9a36-819438d1743f/A12%20-%20Copy%20-%20Copy-2ff80ae.png | https://img1.wsimg.com/isteam/ip/26553ac1-dddf-4707-9a36-819438d1743f/A9%20-%20Copy-80c22e4.png | https://img1.wsimg.com/isteam/ip/26553ac1-dddf-4707-9a36-819438d1743f/A12%20-%20Copy%20-%20Copy%20-%20Copy-2b7c2df.png | https://img1.wsimg.com/isteam/ip/26553ac1-dddf-4707-9a36-819438d1743f/A3-1f1a086.png | https://img1.wsimg.com/isteam/ip/26553ac1-dddf-4707-9a36-819438d1743f/A1-ad59289.png | https://img1.wsimg.com/isteam/ip/26553ac1-dddf-4707-9a36-819438d1743f/A-d1b11f7.png | https://img1.wsimg.com/isteam/ip/26553ac1-dddf-4707-9a36-819438d1743f/A2-efe3837.png
ADULT CORE SOFT SHELL JACKET,$49.95,https://img1.wsimg.com/isteam/ip/26553ac1-dddf-4707-9a36-819438d1743f/ARL2-c56c3fd.png,https://img1.wsimg.com/isteam/ip/26553ac1-dddf-4707-9a36-819438d1743f/ARL2-c56c3fd.png | https://img1.wsimg.com/isteam/ip/26553ac1-dddf-4707-9a36-819438d1743f/ARL1-f9bbb0a.png
ANGLED UP EAGLES APPAREL,$24.95,https://img1.wsimg.com/isteam/ip/26553ac1-dddf-4707-9a36-819438d1743f/HV2-ee6c370.png,https://img1.wsimg.com/isteam/ip/26553ac1-dddf-4707-9a36-819438d1743f/HV2-ee6c370.png | https://img1.wsimg.com/isteam/ip/26553ac1-dddf-4707-9a36-819438d1743f/HV4-4e4b15d.png | https://img1.wsimg.com/isteam/ip/26553ac1-dddf-4707-9a36-819438d1743f/HV1-c33f7c3.png | https://img1.wsimg.com/isteam/ip/26553ac1-dddf-4707-9a36-819438d1743f/HV3-fc600b3.png
"ARMY - ""FLAG MOS"" DESIGN",$24.95,https://img1.wsimg.com/isteam/ip/26553ac1-dddf-4707-9a36-819438d1743f/A9%20-%20Copy-ddc7b9a.png,https://img1.wsimg.com/isteam/ip/26553ac1-dddf-4707-9a36-819438d1743f/A9%20-%20Copy-ddc7b9a.png | https://img1.wsimg.com/isteam/ip/26553ac1-dddf-4707-9a36-819438d1743f/A9-be2cab3.png | https://img1.wsimg.com/isteam/ip/26553ac1-dddf-4707-9a36-819438d1743f/A10-88bf728.png
BACPACK - OGIO FUGITVE PACK,$89.95,https://img1.wsimg.com/isteam/ip/26553ac1-dddf-4707-9a36-819438d1743f/A7-ea8bb9e.png,https://img1.wsimg.com/isteam/ip/26553ac1-dddf-4707-9a36-819438d1743f/A7-ea8bb9e.png
BGSU PULLOVER,$44.95,https://img1.wsimg.com/isteam/ip/26553ac1-dddf-4707-9a36-819438d1743f/FRONT%20OF%20SHIRT%202-8699fb0.png,https://img1.wsimg.com/isteam/ip/26553ac1-dddf-4707-9a36-819438d1743f/FRONT%20OF%20SHIRT%202-8699fb0.png | https://img1.wsimg.com/isteam/ip/26553ac1-dddf-4707-9a36-819438d1743f/FRONT%20OF%20SHIRT-56059b1.png | https://img1.wsimg.com/isteam/ip/26553ac1-dddf-4707-9a36-819438d1743f/LADIES%20SHORTS-3c2af60.png
BOYS CLASSIC POLO,$27.95,https://img1.wsimg.com/isteam/ip/26553ac1-dddf-4707-9a36-819438d1743f/rs%3Dw_600%2Ch_600-4caccb7.png,https://img1.wsimg.com/isteam/ip/26553ac1-dddf-4707-9a36-819438d1743f/rs%3Dw_600%2Ch_600-4caccb7.png | https://img1.wsimg.com/isteam/ip/26553ac1-dddf-4707-9a36-819438d1743f/B-cb07baa.png | https://img1.wsimg.com/isteam/ip/26553ac1-dddf-4707-9a36-819438d1743f/A-8cc26eb.png
BOYS DRI-FIT POLOS,$29.95,https://img1.wsimg.com/isteam/ip/26553ac1-dddf-4707-9a36-819438d1743f/A21-8c2bcb3.png,https://img1.wsimg.com/isteam/ip/26553ac1-dddf-4707-9a36-819438d1743f/A21-8c2bcb3.png | https://img1.wsimg.com/isteam/ip/26553ac1-dddf-4707-9a36-819438d1743f/B-c2ae6af.png | https://img1.wsimg.com/isteam/ip/26553ac1-dddf-4707-9a36-819438d1743f/BACK%20OF%20SHIRT%20ORDER%20FORM%202026-596055b.png
"CLASSIC ""R"" DESIGN",$24.95,https://img1.wsimg.com/isteam/ip/26553ac1-dddf-4707-9a36-819438d1743f/A6-4c39d3f.png,https://img1.wsimg.com/isteam/ip/26553ac1-dddf-4707-9a36-819438d1743f/A6-4c39d3f.png | https://img1.wsimg.com/isteam/ip/26553ac1-dddf-4707-9a36-819438d1743f/A7-72ce764.png | https://img1.wsimg.com/isteam/ip/26553ac1-dddf-4707-9a36-819438d1743f/A4-5e40ba1.png | https://img1.wsimg.com/isteam/ip/26553ac1-dddf-4707-9a36-819438d1743f/A5-a944de0.png | https://img1.wsimg.com/isteam/ip/26553ac1-dddf-4707-9a36-819438d1743f/A3-8e5c62c.png
"CS ""WORK TOGETHER"" TEES",$29.95,https://img1.wsimg.com/isteam/ip/26553ac1-dddf-4707-9a36-819438d1743f/A1-b6d1947.png,https://img1.wsimg.com/isteam/ip/26553ac1-dddf-4707-9a36-819438d1743f/A1-b6d1947.png | https://img1.wsimg.com/isteam/ip/26553ac1-dddf-4707-9a36-819438d1743f/A2-35b916f.png | https://img1.wsimg.com/isteam/ip/26553ac1-dddf-4707-9a36-819438d1743f/A1-6d42eac.png | https://img1.wsimg.com/isteam/ip/26553ac1-dddf-4707-9a36-819438d1743f/A2-363159c.png
"CUSTOM ARTWORK -""Bear"" Bryant with 2009 National Champions WATERCOLOR LIMITED PRINT (500)",$250.00,https://img1.wsimg.com/isteam/ip/26553ac1-dddf-4707-9a36-819438d1743f/A1-8369adf.png,https://img1.wsimg.com/isteam/ip/26553ac1-dddf-4707-9a36-819438d1743f/A1-8369adf.png | https://img1.wsimg.com/isteam/ip/26553ac1-dddf-4707-9a36-819438d1743f/A2-4c3e66f.png
CUSTOM ARTWORK -Charles Barkley pencil drawing LIMITED PRINT (1-500) Signed by artist,$150.00,https://img1.wsimg.com/isteam/ip/26553ac1-dddf-4707-9a36-819438d1743f/A3-de365f1.png,https://img1.wsimg.com/isteam/ip/26553ac1-dddf-4707-9a36-819438d1743f/A3-de365f1.png | https://img1.wsimg.com/isteam/ip/26553ac1-dddf-4707-9a36-819438d1743f/A3-1b9547e.png
CUSTOM ARTWORK -Chris Chandler pencil drawing (1-500),$100.00,https://img1.wsimg.com/isteam/ip/26553ac1-dddf-4707-9a36-819438d1743f/A4-4148a3f.png,https://img1.wsimg.com/isteam/ip/26553ac1-dddf-4707-9a36-819438d1743f/A4-4148a3f.png | https://img1.wsimg.com/isteam/ip/26553ac1-dddf-4707-9a36-819438d1743f/A4-1197bb6.png
"CUSTOM ARTWORK -Clint ""DIrty Harry Eastwood drawing LIMITED PRINT (1-500) Signed by artist",$150.00,https://img1.wsimg.com/isteam/ip/26553ac1-dddf-4707-9a36-819438d1743f/A2-9418209.png,https://img1.wsimg.com/isteam/ip/26553ac1-dddf-4707-9a36-819438d1743f/A2-9418209.png
CUSTOM ARTWORK -LARRY FITZGERALD WATERCOLOR LIMITED PRINT (500),$150.00,https://img1.wsimg.com/isteam/ip/26553ac1-dddf-4707-9a36-819438d1743f/A1-b404a7f.png,https://img1.wsimg.com/isteam/ip/26553ac1-dddf-4707-9a36-819438d1743f/A1-b404a7f.png
Class of 2027 TEE,$29.00,https://img1.wsimg.com/isteam/ip/26553ac1-dddf-4707-9a36-819438d1743f/RL3-b5a5f3c.png,https://img1.wsimg.com/isteam/ip/26553ac1-dddf-4707-9a36-819438d1743f/RL3-b5a5f3c.png
Custom Cancer Shirt,$50.00,https://img1.wsimg.com/isteam/ip/26553ac1-dddf-4707-9a36-819438d1743f/A4-c1f207c.png,https://img1.wsimg.com/isteam/ip/26553ac1-dddf-4707-9a36-819438d1743f/A4-c1f207c.png
Custom Hockey Jersey,$50.00,https://img1.wsimg.com/isteam/ip/26553ac1-dddf-4707-9a36-819438d1743f/A1-6516b20.png,https://img1.wsimg.com/isteam/ip/26553ac1-dddf-4707-9a36-819438d1743f/A1-6516b20.png | https://img1.wsimg.com/isteam/ip/26553ac1-dddf-4707-9a36-819438d1743f/A2-861b22a.png
DISTRESSED HATS WITH PATCH,$29.95,https://img1.wsimg.com/isteam/ip/26553ac1-dddf-4707-9a36-819438d1743f/DISTRESSED.png,https://img1.wsimg.com/isteam/ip/26553ac1-dddf-4707-9a36-819438d1743f/DISTRESSED.png
DUFFEL BAG - NEW ERA SHOUT OUT BAG,$79.95,https://img1.wsimg.com/isteam/ip/26553ac1-dddf-4707-9a36-819438d1743f/A6-e12d504.png,https://img1.wsimg.com/isteam/ip/26553ac1-dddf-4707-9a36-819438d1743f/A6-e12d504.png
EAGLE EYES SPIRIT APPAREL,$24.95,https://img1.wsimg.com/isteam/ip/26553ac1-dddf-4707-9a36-819438d1743f/A5-b82669e.png,https://img1.wsimg.com/isteam/ip/26553ac1-dddf-4707-9a36-819438d1743f/A5-b82669e.png | https://img1.wsimg.com/isteam/ip/26553ac1-dddf-4707-9a36-819438d1743f/A7-20a1689.png | https://img1.wsimg.com/isteam/ip/26553ac1-dddf-4707-9a36-819438d1743f/A9-2807b70.png | https://img1.wsimg.com/isteam/ip/26553ac1-dddf-4707-9a36-819438d1743f/A8-b20276b.png | https://img1.wsimg.com/isteam/ip/26553ac1-dddf-4707-9a36-819438d1743f/A10-10fe02a.png
EAGLES E DESIGN,$24.95,https://img1.wsimg.com/isteam/ip/26553ac1-dddf-4707-9a36-819438d1743f/HV1-7c525cb.png,https://img1.wsimg.com/isteam/ip/26553ac1-dddf-4707-9a36-819438d1743f/HV1-7c525cb.png | https://img1.wsimg.com/isteam/ip/26553ac1-dddf-4707-9a36-819438d1743f/HV2-919d077.png | https://img1.wsimg.com/isteam/ip/26553ac1-dddf-4707-9a36-819438d1743f/HV3-5b9359d.png | https://img1.wsimg.com/isteam/ip/26553ac1-dddf-4707-9a36-819438d1743f/HV4-19d6e81.png
FITTED HATS W/PATCH,$29.95,https://img1.wsimg.com/isteam/ip/26553ac1-dddf-4707-9a36-819438d1743f/FITTED-76c0318.png,https://img1.wsimg.com/isteam/ip/26553ac1-dddf-4707-9a36-819438d1743f/FITTED-76c0318.png
GIRLS / LADIES CURSIVE EAGLES DESIGN,$24.95,https://img1.wsimg.com/isteam/ip/26553ac1-dddf-4707-9a36-819438d1743f/ARL2-de4fa72.png,https://img1.wsimg.com/isteam/ip/26553ac1-dddf-4707-9a36-819438d1743f/ARL2-de4fa72.png | https://img1.wsimg.com/isteam/ip/26553ac1-dddf-4707-9a36-819438d1743f/BB-f896ecb.png | https://img1.wsimg.com/isteam/ip/26553ac1-dddf-4707-9a36-819438d1743f/BERK%204%206.png | https://img1.wsimg.com/isteam/ip/26553ac1-dddf-4707-9a36-819438d1743f/BERK%201.png | https://img1.wsimg.com/isteam/ip/26553ac1-dddf-4707-9a36-819438d1743f/BC%20PROPOSAL-0b50365.png
GOLF TOWEL,$19.95,https://img1.wsimg.com/isteam/ip/26553ac1-dddf-4707-9a36-819438d1743f/A5-ae79e8a.png,https://img1.wsimg.com/isteam/ip/26553ac1-dddf-4707-9a36-819438d1743f/A5-ae79e8a.png
"HALLOWEEN - ""I'M A GHOST - BOO"" DESIGN",$21.95,https://img1.wsimg.com/isteam/ip/26553ac1-dddf-4707-9a36-819438d1743f/A12%20-%20Copy%20(2)%20-%20Copy.png,https://img1.wsimg.com/isteam/ip/26553ac1-dddf-4707-9a36-819438d1743f/A12%20-%20Copy%20(2)%20-%20Copy.png | https://img1.wsimg.com/isteam/ip/26553ac1-dddf-4707-9a36-819438d1743f/A12%20-%20Copy%20-%20Copy%20-%20Copy.png | https://img1.wsimg.com/isteam/ip/26553ac1-dddf-4707-9a36-819438d1743f/A12%20-%20Copy%20-%20Copy-0d3d353.png
"HALLOWEEN SERIES - ""DRINK UP WITCHES"" DESIGN",$24.95,https://img1.wsimg.com/isteam/ip/26553ac1-dddf-4707-9a36-819438d1743f/A9-09a9d85.png,https://img1.wsimg.com/isteam/ip/26553ac1-dddf-4707-9a36-819438d1743f/A9-09a9d85.png | https://img1.wsimg.com/isteam/ip/26553ac1-dddf-4707-9a36-819438d1743f/A10-1eceb74.png | https://img1.wsimg.com/isteam/ip/26553ac1-dddf-4707-9a36-819438d1743f/A11-9e02ec8.png | https://img1.wsimg.com/isteam/ip/26553ac1-dddf-4707-9a36-819438d1743f/A9%20-%20Copy.png
"HALLOWEEN SERIES - ""I DON'T SPOOK, I SPARKLE"" DESIGN",$24.95,https://img1.wsimg.com/isteam/ip/26553ac1-dddf-4707-9a36-819438d1743f/A12-8aa241d.png,https://img1.wsimg.com/isteam/ip/26553ac1-dddf-4707-9a36-819438d1743f/A12-8aa241d.png | https://img1.wsimg.com/isteam/ip/26553ac1-dddf-4707-9a36-819438d1743f/A13-9563911.png | https://img1.wsimg.com/isteam/ip/26553ac1-dddf-4707-9a36-819438d1743f/A12%20-%20Copy.png
"HALLOWEEN SERIES - ""PEACE OUT GHOST"" DESIGN",$24.95,https://img1.wsimg.com/isteam/ip/26553ac1-dddf-4707-9a36-819438d1743f/A12%20-%20Copy%20-%20Copy.png,https://img1.wsimg.com/isteam/ip/26553ac1-dddf-4707-9a36-819438d1743f/A12%20-%20Copy%20-%20Copy.png | https://img1.wsimg.com/isteam/ip/26553ac1-dddf-4707-9a36-819438d1743f/A12%20-%20Copy%20(2).png | https://img1.wsimg.com/isteam/ip/26553ac1-dddf-4707-9a36-819438d1743f/A12%20-%20Copy-56a856f.png
"HALLOWEEN SERIES - ""SHE SKELETON"" DESIGN",$24.95,https://img1.wsimg.com/isteam/ip/26553ac1-dddf-4707-9a36-819438d1743f/A9-0e1a772.png,https://img1.wsimg.com/isteam/ip/26553ac1-dddf-4707-9a36-819438d1743f/A9-0e1a772.png | https://img1.wsimg.com/isteam/ip/26553ac1-dddf-4707-9a36-819438d1743f/A12-a8ebf75.png | https://img1.wsimg.com/isteam/ip/26553ac1-dddf-4707-9a36-819438d1743f/A11-939e2ea.png
"HALLOWEEN SERIES - ""SO CUTE, IT'S SCARY"" DESIGN",$19.95,https://img1.wsimg.com/isteam/ip/26553ac1-dddf-4707-9a36-819438d1743f/A9-5c803fe.png,https://img1.wsimg.com/isteam/ip/26553ac1-dddf-4707-9a36-819438d1743f/A9-5c803fe.png | https://img1.wsimg.com/isteam/ip/26553ac1-dddf-4707-9a36-819438d1743f/A12-5da5abf.png | https://img1.wsimg.com/isteam/ip/26553ac1-dddf-4707-9a36-819438d1743f/A11-bd802a0.png | https://img1.wsimg.com/isteam/ip/26553ac1-dddf-4707-9a36-819438d1743f/A10-a71ec7e.png
"HALLOWEEN SERIES - ""WITCHES BE CRAZY"" DESIGN",$24.95,https://img1.wsimg.com/isteam/ip/26553ac1-dddf-4707-9a36-819438d1743f/A10-b462cc4.png,https://img1.wsimg.com/isteam/ip/26553ac1-dddf-4707-9a36-819438d1743f/A10-b462cc4.png | https://img1.wsimg.com/isteam/ip/26553ac1-dddf-4707-9a36-819438d1743f/A11-2f49b88.png | https://img1.wsimg.com/isteam/ip/26553ac1-dddf-4707-9a36-819438d1743f/A9%20-%20Copy-2860ba0.png | https://img1.wsimg.com/isteam/ip/26553ac1-dddf-4707-9a36-819438d1743f/A9-c4b1e4b.png
HAT - POM BEANIE,$19.95,https://img1.wsimg.com/isteam/ip/26553ac1-dddf-4707-9a36-819438d1743f/A1-d919149.png,https://img1.wsimg.com/isteam/ip/26553ac1-dddf-4707-9a36-819438d1743f/A1-d919149.png
JACKET - YOUTH FLEECE,$37.95,https://img1.wsimg.com/isteam/ip/26553ac1-dddf-4707-9a36-819438d1743f/A-3fa45d5.png,https://img1.wsimg.com/isteam/ip/26553ac1-dddf-4707-9a36-819438d1743f/A-3fa45d5.png
JACKET - YOUTH TRI-COT,$39.95,https://img1.wsimg.com/isteam/ip/26553ac1-dddf-4707-9a36-819438d1743f/A-debc6e0.png,https://img1.wsimg.com/isteam/ip/26553ac1-dddf-4707-9a36-819438d1743f/A-debc6e0.png
LADIES BLING GEAR,$29.95,https://img1.wsimg.com/isteam/ip/26553ac1-dddf-4707-9a36-819438d1743f/A3-6bcbc3a.png,https://img1.wsimg.com/isteam/ip/26553ac1-dddf-4707-9a36-819438d1743f/A3-6bcbc3a.png | https://img1.wsimg.com/isteam/ip/26553ac1-dddf-4707-9a36-819438d1743f/A8-29028e9.png | https://img1.wsimg.com/isteam/ip/26553ac1-dddf-4707-9a36-819438d1743f/A4-ba3fa2c.png | https://img1.wsimg.com/isteam/ip/26553ac1-dddf-4707-9a36-819438d1743f/A9-7a9774f.png | https://img1.wsimg.com/isteam/ip/26553ac1-dddf-4707-9a36-819438d1743f/A5-041e0b7.png | https://img1.wsimg.com/isteam/ip/26553ac1-dddf-4707-9a36-819438d1743f/A2-865f5cc.png | https://img1.wsimg.com/isteam/ip/26553ac1-dddf-4707-9a36-819438d1743f/A7-67ffca8.png | https://img1.wsimg.com/isteam/ip/26553ac1-dddf-4707-9a36-819438d1743f/A6-0ac8020.png
LADIES CLASSIC ROYAL AND ORANGE POLO,$27.95,https://img1.wsimg.com/isteam/ip/26553ac1-dddf-4707-9a36-819438d1743f/ARL1-b2be86c.png,https://img1.wsimg.com/isteam/ip/26553ac1-dddf-4707-9a36-819438d1743f/ARL1-b2be86c.png | https://img1.wsimg.com/isteam/ip/26553ac1-dddf-4707-9a36-819438d1743f/ARL2-c6153f5.png
LADIES EAGLES ARC SOFTBALL APPAREL,$27.95,https://img1.wsimg.com/isteam/ip/26553ac1-dddf-4707-9a36-819438d1743f/ARL1-305bb49.png,https://img1.wsimg.com/isteam/ip/26553ac1-dddf-4707-9a36-819438d1743f/ARL1-305bb49.png | https://img1.wsimg.com/isteam/ip/26553ac1-dddf-4707-9a36-819438d1743f/BB%20-%20Copy-df097cc.png | https://img1.wsimg.com/isteam/ip/26553ac1-dddf-4707-9a36-819438d1743f/ARL2-bb11992.png | https://img1.wsimg.com/isteam/ip/26553ac1-dddf-4707-9a36-819438d1743f/ARL2%20-%20Copy-3489a63.png
LADIES LION & CROSS TEE,$24.95,https://img1.wsimg.com/isteam/ip/26553ac1-dddf-4707-9a36-819438d1743f/A10-04a28cc.png,https://img1.wsimg.com/isteam/ip/26553ac1-dddf-4707-9a36-819438d1743f/A10-04a28cc.png | https://img1.wsimg.com/isteam/ip/26553ac1-dddf-4707-9a36-819438d1743f/A9-d2e3f3e.png | https://img1.wsimg.com/isteam/ip/26553ac1-dddf-4707-9a36-819438d1743f/A11-13bc094.png | https://img1.wsimg.com/isteam/ip/26553ac1-dddf-4707-9a36-819438d1743f/A12-5d27159.png | https://img1.wsimg.com/isteam/ip/26553ac1-dddf-4707-9a36-819438d1743f/A13-45b6185.png
LONG SLEEVE BASEBALL APPAREL DESIGN,$29.95,https://img1.wsimg.com/isteam/ip/26553ac1-dddf-4707-9a36-819438d1743f/A3-a38bbbf.png,https://img1.wsimg.com/isteam/ip/26553ac1-dddf-4707-9a36-819438d1743f/A3-a38bbbf.png | https://img1.wsimg.com/isteam/ip/26553ac1-dddf-4707-9a36-819438d1743f/A4-4d47494.png
"MADE IN AMERICA WITH "" YOUR COUNTRY OF CHOICE"" PARTS",$29.95,https://img1.wsimg.com/isteam/ip/26553ac1-dddf-4707-9a36-819438d1743f/HH1.png,https://img1.wsimg.com/isteam/ip/26553ac1-dddf-4707-9a36-819438d1743f/HH1.png
MENS CLASSIS ROYAL AND ORANGE POLO,$27.95,https://img1.wsimg.com/isteam/ip/26553ac1-dddf-4707-9a36-819438d1743f/ARL1-59107e0.png,https://img1.wsimg.com/isteam/ip/26553ac1-dddf-4707-9a36-819438d1743f/ARL1-59107e0.png | https://img1.wsimg.com/isteam/ip/26553ac1-dddf-4707-9a36-819438d1743f/ARL2-5d1905e.png
MENS CORE JACKET,$44.95,https://img1.wsimg.com/isteam/ip/26553ac1-dddf-4707-9a36-819438d1743f/FRONT%20OF%20SHIRT%202-208f6a6.png,https://img1.wsimg.com/isteam/ip/26553ac1-dddf-4707-9a36-819438d1743f/FRONT%20OF%20SHIRT%202-208f6a6.png
MENS EAGLES ARC BASEBALL APPAREL,$27.95,https://img1.wsimg.com/isteam/ip/26553ac1-dddf-4707-9a36-819438d1743f/ARL2%20-%20Copy-eb94b89.png,https://img1.wsimg.com/isteam/ip/26553ac1-dddf-4707-9a36-819438d1743f/ARL2%20-%20Copy-eb94b89.png | https://img1.wsimg.com/isteam/ip/26553ac1-dddf-4707-9a36-819438d1743f/ARL2-8703dea.png | https://img1.wsimg.com/isteam/ip/26553ac1-dddf-4707-9a36-819438d1743f/ARL1-c2ec142.png | https://img1.wsimg.com/isteam/ip/26553ac1-dddf-4707-9a36-819438d1743f/BB%20-%20Copy-4df831c.png | https://img1.wsimg.com/isteam/ip/26553ac1-dddf-4707-9a36-819438d1743f/BB-cd78cd0.png
MENS FLEECE JACKET,$39.95,https://img1.wsimg.com/isteam/ip/26553ac1-dddf-4707-9a36-819438d1743f/A2-9804d4c.png,https://img1.wsimg.com/isteam/ip/26553ac1-dddf-4707-9a36-819438d1743f/A2-9804d4c.png
"MENS LONG SLEEVE ""LANE"" SHIRT",$32.95,https://img1.wsimg.com/isteam/ip/26553ac1-dddf-4707-9a36-819438d1743f/A2-6473f1d.png,https://img1.wsimg.com/isteam/ip/26553ac1-dddf-4707-9a36-819438d1743f/A2-6473f1d.png | https://img1.wsimg.com/isteam/ip/26553ac1-dddf-4707-9a36-819438d1743f/A3-2258a99.png
MESSENGER LAPTOP BAG,$59.95,https://img1.wsimg.com/isteam/ip/26553ac1-dddf-4707-9a36-819438d1743f/A4-55ab551.png,https://img1.wsimg.com/isteam/ip/26553ac1-dddf-4707-9a36-819438d1743f/A4-55ab551.png
NVCA CLASS OF 2027 BOX DESIGN APPAREL,$29.95,https://img1.wsimg.com/isteam/ip/26553ac1-dddf-4707-9a36-819438d1743f/1-80059f2.png,https://img1.wsimg.com/isteam/ip/26553ac1-dddf-4707-9a36-819438d1743f/1-80059f2.png | https://img1.wsimg.com/isteam/ip/26553ac1-dddf-4707-9a36-819438d1743f/5-3ecdbd1.png | https://img1.wsimg.com/isteam/ip/26553ac1-dddf-4707-9a36-819438d1743f/4-1313552.png | https://img1.wsimg.com/isteam/ip/26553ac1-dddf-4707-9a36-819438d1743f/A%20CAPYBARAS.png
NVCA CLASS OF 2027 CURSIVE DESIGN APPAREL,$27.95,https://img1.wsimg.com/isteam/ip/26553ac1-dddf-4707-9a36-819438d1743f/1-4f5eacb.png,https://img1.wsimg.com/isteam/ip/26553ac1-dddf-4707-9a36-819438d1743f/1-4f5eacb.png | https://img1.wsimg.com/isteam/ip/26553ac1-dddf-4707-9a36-819438d1743f/3-6b22748.png | https://img1.wsimg.com/isteam/ip/26553ac1-dddf-4707-9a36-819438d1743f/2-514b81f.png
NVCA CLASS OF 2027 LION SHIELD DESIGN APPAREL,$29.95,https://img1.wsimg.com/isteam/ip/26553ac1-dddf-4707-9a36-819438d1743f/3-1d526d6.png,https://img1.wsimg.com/isteam/ip/26553ac1-dddf-4707-9a36-819438d1743f/3-1d526d6.png | https://img1.wsimg.com/isteam/ip/26553ac1-dddf-4707-9a36-819438d1743f/4-d3c6dd1.png | https://img1.wsimg.com/isteam/ip/26553ac1-dddf-4707-9a36-819438d1743f/A%20CAPYBARAS-4f5c9af.png | https://img1.wsimg.com/isteam/ip/26553ac1-dddf-4707-9a36-819438d1743f/2-92ec16b.png | https://img1.wsimg.com/isteam/ip/26553ac1-dddf-4707-9a36-819438d1743f/5-a4f1a3c.png
NVCA YOUTH TRI-COT ZIPPERED JACKET,$49.95,https://img1.wsimg.com/isteam/ip/26553ac1-dddf-4707-9a36-819438d1743f/A18-a4a9836.png,https://img1.wsimg.com/isteam/ip/26553ac1-dddf-4707-9a36-819438d1743f/A18-a4a9836.png
North Valley Christian Academy Lions T-Shirt,$27.95,https://img1.wsimg.com/isteam/ip/26553ac1-dddf-4707-9a36-819438d1743f/A14-28e5399.png,https://img1.wsimg.com/isteam/ip/26553ac1-dddf-4707-9a36-819438d1743f/A14-28e5399.png
PE PACKAGE - MENS & WOMENS,$29.50,https://img1.wsimg.com/isteam/ip/26553ac1-dddf-4707-9a36-819438d1743f/NV1.png,https://img1.wsimg.com/isteam/ip/26553ac1-dddf-4707-9a36-819438d1743f/NV1.png | https://img1.wsimg.com/isteam/ip/26553ac1-dddf-4707-9a36-819438d1743f/blob.png
PE PACKAGE - YOUTH SIZING,$29.50,https://img1.wsimg.com/isteam/ip/26553ac1-dddf-4707-9a36-819438d1743f/A-212a67f.png,https://img1.wsimg.com/isteam/ip/26553ac1-dddf-4707-9a36-819438d1743f/A-212a67f.png
PE SHIRT - MENS/BOYS/LADIES SIZED,$17.95,https://img1.wsimg.com/isteam/ip/26553ac1-dddf-4707-9a36-819438d1743f/A4-612727b.png,https://img1.wsimg.com/isteam/ip/26553ac1-dddf-4707-9a36-819438d1743f/A4-612727b.png | https://img1.wsimg.com/isteam/ip/26553ac1-dddf-4707-9a36-819438d1743f/NV2.png | https://img1.wsimg.com/isteam/ip/26553ac1-dddf-4707-9a36-819438d1743f/NV1-196bd3c.png
PHOENIX BIRD DESIGN,$27.95,https://img1.wsimg.com/isteam/ip/26553ac1-dddf-4707-9a36-819438d1743f/A5-956862c.png,https://img1.wsimg.com/isteam/ip/26553ac1-dddf-4707-9a36-819438d1743f/A5-956862c.png | https://img1.wsimg.com/isteam/ip/26553ac1-dddf-4707-9a36-819438d1743f/A4-2f5a294.png | https://img1.wsimg.com/isteam/ip/26553ac1-dddf-4707-9a36-819438d1743f/A7-edf52f3.png | https://img1.wsimg.com/isteam/ip/26553ac1-dddf-4707-9a36-819438d1743f/A3-f840a65.png | https://img1.wsimg.com/isteam/ip/26553ac1-dddf-4707-9a36-819438d1743f/A6-c2b8abc.png | https://img1.wsimg.com/isteam/ip/26553ac1-dddf-4707-9a36-819438d1743f/A1-f05d3cc.png | https://img1.wsimg.com/isteam/ip/26553ac1-dddf-4707-9a36-819438d1743f/A2-42971cf.png | https://img1.wsimg.com/isteam/ip/26553ac1-dddf-4707-9a36-819438d1743f/A8-572d8bd.png | https://img1.wsimg.com/isteam/ip/26553ac1-dddf-4707-9a36-819438d1743f/A-b79277b.png
POLO - ADULT MENS CLASSIC LONG SLEEVE 60/40 BLEND,$32.95,https://img1.wsimg.com/isteam/ip/26553ac1-dddf-4707-9a36-819438d1743f/A5-1105490.png,https://img1.wsimg.com/isteam/ip/26553ac1-dddf-4707-9a36-819438d1743f/A5-1105490.png | https://img1.wsimg.com/isteam/ip/26553ac1-dddf-4707-9a36-819438d1743f/A6-021ef03.png | https://img1.wsimg.com/isteam/ip/26553ac1-dddf-4707-9a36-819438d1743f/A7-a4fa44c.png
POLO - ADULT MENS SILK/FEEL STYLE,$29.95,https://img1.wsimg.com/isteam/ip/26553ac1-dddf-4707-9a36-819438d1743f/A20-23b62a3.png,https://img1.wsimg.com/isteam/ip/26553ac1-dddf-4707-9a36-819438d1743f/A20-23b62a3.png | https://img1.wsimg.com/isteam/ip/26553ac1-dddf-4707-9a36-819438d1743f/A19-43dd3a7.png | https://img1.wsimg.com/isteam/ip/26553ac1-dddf-4707-9a36-819438d1743f/A18-7bee08c.png | https://img1.wsimg.com/isteam/ip/26553ac1-dddf-4707-9a36-819438d1743f/A21-0bf0648.png
POLO - BOYS LONG SLEEVE CLASSIC 60/40 BLEND,$29.95,https://img1.wsimg.com/isteam/ip/26553ac1-dddf-4707-9a36-819438d1743f/A5-6f3f9ff.png,https://img1.wsimg.com/isteam/ip/26553ac1-dddf-4707-9a36-819438d1743f/A5-6f3f9ff.png | https://img1.wsimg.com/isteam/ip/26553ac1-dddf-4707-9a36-819438d1743f/A6-1bd7c94.png
POLO - BOYS ORANGE,$27.95,https://img1.wsimg.com/isteam/ip/26553ac1-dddf-4707-9a36-819438d1743f/A6-cec4bbc.png,https://img1.wsimg.com/isteam/ip/26553ac1-dddf-4707-9a36-819438d1743f/A6-cec4bbc.png
POLO - BOYS ROYAL BLUE,$27.95,https://img1.wsimg.com/isteam/ip/26553ac1-dddf-4707-9a36-819438d1743f/A5-17c29c0.png,https://img1.wsimg.com/isteam/ip/26553ac1-dddf-4707-9a36-819438d1743f/A5-17c29c0.png
POLO - BOYS/YOUTH LONG SLEEVE ROYAL BLUE,$29.95,https://img1.wsimg.com/isteam/ip/26553ac1-dddf-4707-9a36-819438d1743f/A7-44ae5b9.png,https://img1.wsimg.com/isteam/ip/26553ac1-dddf-4707-9a36-819438d1743f/A7-44ae5b9.png | https://img1.wsimg.com/isteam/ip/26553ac1-dddf-4707-9a36-819438d1743f/A13-b3099c2.png
POLO - GIRLS CLASSIC NAVY / LT BLUE / WHITE - 60/40 BLEND,$27.95,https://img1.wsimg.com/isteam/ip/26553ac1-dddf-4707-9a36-819438d1743f/A1-ec1653a.png,https://img1.wsimg.com/isteam/ip/26553ac1-dddf-4707-9a36-819438d1743f/A1-ec1653a.png | https://img1.wsimg.com/isteam/ip/26553ac1-dddf-4707-9a36-819438d1743f/A3-4d0de97.png | https://img1.wsimg.com/isteam/ip/26553ac1-dddf-4707-9a36-819438d1743f/A2-340cc5f.png | https://img1.wsimg.com/isteam/ip/26553ac1-dddf-4707-9a36-819438d1743f/ols_35_original
POLO - GIRLS ORANGE RUFFLE FRONT SOFT PIQUE POLO,$27.95,https://img1.wsimg.com/isteam/ip/26553ac1-dddf-4707-9a36-819438d1743f/RL-GIRLS%20OJ.png,https://img1.wsimg.com/isteam/ip/26553ac1-dddf-4707-9a36-819438d1743f/RL-GIRLS%20OJ.png
POLO - GIRLS ROYAL BLUE,$27.95,https://img1.wsimg.com/isteam/ip/26553ac1-dddf-4707-9a36-819438d1743f/A8-3401d97.png,https://img1.wsimg.com/isteam/ip/26553ac1-dddf-4707-9a36-819438d1743f/A8-3401d97.png
POLO - GIRLS ROYAL BLUE,$27.95,https://img1.wsimg.com/isteam/ip/26553ac1-dddf-4707-9a36-819438d1743f/RL-GIRLS%20OJ-a5a6181.png,https://img1.wsimg.com/isteam/ip/26553ac1-dddf-4707-9a36-819438d1743f/RL-GIRLS%20OJ-a5a6181.png
"POLO - LADIES ""NIKE"" NAVY & WHITE DRI-FIT",$44.95,https://img1.wsimg.com/isteam/ip/26553ac1-dddf-4707-9a36-819438d1743f/A16%20-%20Copy-fd7f2b0.png,https://img1.wsimg.com/isteam/ip/26553ac1-dddf-4707-9a36-819438d1743f/A16%20-%20Copy-fd7f2b0.png | https://img1.wsimg.com/isteam/ip/26553ac1-dddf-4707-9a36-819438d1743f/A16-816bb6e.png | https://img1.wsimg.com/isteam/ip/26553ac1-dddf-4707-9a36-819438d1743f/A17%20-%20Copy-ae6cc67.png
POLO - LADIES CLASSIC 60/40 BLEND,$27.95,https://img1.wsimg.com/isteam/ip/26553ac1-dddf-4707-9a36-819438d1743f/A16%20-%20Copy-ce981bb.png,https://img1.wsimg.com/isteam/ip/26553ac1-dddf-4707-9a36-819438d1743f/A16%20-%20Copy-ce981bb.png | https://img1.wsimg.com/isteam/ip/26553ac1-dddf-4707-9a36-819438d1743f/blob-037910d.png | https://img1.wsimg.com/isteam/ip/26553ac1-dddf-4707-9a36-819438d1743f/A17-e1709f0.png
POLO - LADIES DRI-FIT,$29.95,https://img1.wsimg.com/isteam/ip/26553ac1-dddf-4707-9a36-819438d1743f/A16%20-%20Copy-fd7f2b0.png,https://img1.wsimg.com/isteam/ip/26553ac1-dddf-4707-9a36-819438d1743f/A16%20-%20Copy-fd7f2b0.png | https://img1.wsimg.com/isteam/ip/26553ac1-dddf-4707-9a36-819438d1743f/A16-816bb6e.png | https://img1.wsimg.com/isteam/ip/26553ac1-dddf-4707-9a36-819438d1743f/A17%20-%20Copy-ae6cc67.png
POLO - LADIES LONG SLEEVE,$32.95,https://img1.wsimg.com/isteam/ip/26553ac1-dddf-4707-9a36-819438d1743f/RL10B.png,https://img1.wsimg.com/isteam/ip/26553ac1-dddf-4707-9a36-819438d1743f/RL10B.png
POLO - LADIES ORANGE AND ROYAL DRI-FIT,$29.95,https://img1.wsimg.com/isteam/ip/26553ac1-dddf-4707-9a36-819438d1743f/ARL1-8525ac7.png,https://img1.wsimg.com/isteam/ip/26553ac1-dddf-4707-9a36-819438d1743f/ARL1-8525ac7.png | https://img1.wsimg.com/isteam/ip/26553ac1-dddf-4707-9a36-819438d1743f/RL10D.png
POLO - LADIES ROYAL DRI-FIT,$29.95,https://img1.wsimg.com/isteam/ip/26553ac1-dddf-4707-9a36-819438d1743f/RL10C.png,https://img1.wsimg.com/isteam/ip/26553ac1-dddf-4707-9a36-819438d1743f/RL10C.png
"POLO - MENS ""NIKE"" DRI-FIT",$44.95,https://img1.wsimg.com/isteam/ip/26553ac1-dddf-4707-9a36-819438d1743f/A18-f7e3317.png,https://img1.wsimg.com/isteam/ip/26553ac1-dddf-4707-9a36-819438d1743f/A18-f7e3317.png | https://img1.wsimg.com/isteam/ip/26553ac1-dddf-4707-9a36-819438d1743f/A19-3ae71bc.png | https://img1.wsimg.com/isteam/ip/26553ac1-dddf-4707-9a36-819438d1743f/A20-ca345f3.png | https://img1.wsimg.com/isteam/ip/26553ac1-dddf-4707-9a36-819438d1743f/A21-af699fc.png
"POLO - MENS ""NIKE"" DRI-FIT",$49.95,https://img1.wsimg.com/isteam/ip/26553ac1-dddf-4707-9a36-819438d1743f/RL10-a091015.png,https://img1.wsimg.com/isteam/ip/26553ac1-dddf-4707-9a36-819438d1743f/RL10-a091015.png | https://img1.wsimg.com/isteam/ip/26553ac1-dddf-4707-9a36-819438d1743f/RL10C-1ad4434.png | https://img1.wsimg.com/isteam/ip/26553ac1-dddf-4707-9a36-819438d1743f/RL10B-97b54f8.png | https://img1.wsimg.com/isteam/ip/26553ac1-dddf-4707-9a36-819438d1743f/RL10A-34a5186.png
POLO - MENS CLASSIC 60/40 BLEND,$27.95,https://img1.wsimg.com/isteam/ip/26553ac1-dddf-4707-9a36-819438d1743f/A16%20-%20Copy.png,https://img1.wsimg.com/isteam/ip/26553ac1-dddf-4707-9a36-819438d1743f/A16%20-%20Copy.png | https://img1.wsimg.com/isteam/ip/26553ac1-dddf-4707-9a36-819438d1743f/A18-0027f9d.png | https://img1.wsimg.com/isteam/ip/26553ac1-dddf-4707-9a36-819438d1743f/A17-8919b63.png | https://img1.wsimg.com/isteam/ip/26553ac1-dddf-4707-9a36-819438d1743f/A17%20-%20Copy.png
POLO - MENS DRI-FIT,$29.95,https://img1.wsimg.com/isteam/ip/26553ac1-dddf-4707-9a36-819438d1743f/A16-cf3bac8.png,https://img1.wsimg.com/isteam/ip/26553ac1-dddf-4707-9a36-819438d1743f/A16-cf3bac8.png | https://img1.wsimg.com/isteam/ip/26553ac1-dddf-4707-9a36-819438d1743f/A17-f95ed27.png | https://img1.wsimg.com/isteam/ip/26553ac1-dddf-4707-9a36-819438d1743f/A19-5960300.png | https://img1.wsimg.com/isteam/ip/26553ac1-dddf-4707-9a36-819438d1743f/A18-e9828b2.png
POLO - MENS LONG SLEEVE,$32.95,https://img1.wsimg.com/isteam/ip/26553ac1-dddf-4707-9a36-819438d1743f/RL10A.png,https://img1.wsimg.com/isteam/ip/26553ac1-dddf-4707-9a36-819438d1743f/RL10A.png
POLO - MENS ROYAL DRI-FIT,$29.95,https://img1.wsimg.com/isteam/ip/26553ac1-dddf-4707-9a36-819438d1743f/A17-974a131.png,https://img1.wsimg.com/isteam/ip/26553ac1-dddf-4707-9a36-819438d1743f/A17-974a131.png
POLO - RL YOUTH BOYS DRI-FIT,$29.95,https://img1.wsimg.com/isteam/ip/26553ac1-dddf-4707-9a36-819438d1743f/LADIES%20SHORTS-9d85738.png,https://img1.wsimg.com/isteam/ip/26553ac1-dddf-4707-9a36-819438d1743f/LADIES%20SHORTS-9d85738.png
POLO - YOUTH DRIFIT,$29.95,https://img1.wsimg.com/isteam/ip/26553ac1-dddf-4707-9a36-819438d1743f/LADIES%20SHORTS-9d85738.png,https://img1.wsimg.com/isteam/ip/26553ac1-dddf-4707-9a36-819438d1743f/LADIES%20SHORTS-9d85738.png
POLO - YOUTH SILK FEEL/STYLE,$29.95,https://img1.wsimg.com/isteam/ip/26553ac1-dddf-4707-9a36-819438d1743f/A5-33cb497.png,https://img1.wsimg.com/isteam/ip/26553ac1-dddf-4707-9a36-819438d1743f/A5-33cb497.png | https://img1.wsimg.com/isteam/ip/26553ac1-dddf-4707-9a36-819438d1743f/A7-68fa334.png | https://img1.wsimg.com/isteam/ip/26553ac1-dddf-4707-9a36-819438d1743f/A6-1941d03.png
PPD COMMUNICATIONS LADIES & MENS CLASSSIC BLEND POLOS,$29.95,https://img1.wsimg.com/isteam/ip/26553ac1-dddf-4707-9a36-819438d1743f/A10-f2523d0.png,https://img1.wsimg.com/isteam/ip/26553ac1-dddf-4707-9a36-819438d1743f/A10-f2523d0.png | https://img1.wsimg.com/isteam/ip/26553ac1-dddf-4707-9a36-819438d1743f/A12%20-%20Copy%20(2)%20-%20Copy-b8b37c5.png
PRACTICE LIKE A CHAMPION DESIGN,$29.95,https://img1.wsimg.com/isteam/ip/26553ac1-dddf-4707-9a36-819438d1743f/A20-ff32852.png,https://img1.wsimg.com/isteam/ip/26553ac1-dddf-4707-9a36-819438d1743f/A20-ff32852.png | https://img1.wsimg.com/isteam/ip/26553ac1-dddf-4707-9a36-819438d1743f/A17-74bd71f.png | https://img1.wsimg.com/isteam/ip/26553ac1-dddf-4707-9a36-819438d1743f/A18-1f076ac.png | https://img1.wsimg.com/isteam/ip/26553ac1-dddf-4707-9a36-819438d1743f/A19-a5205ec.png
PROTECT THE NEST APPAREL,$27.95,https://img1.wsimg.com/isteam/ip/26553ac1-dddf-4707-9a36-819438d1743f/ARL1-3fb245a.png,https://img1.wsimg.com/isteam/ip/26553ac1-dddf-4707-9a36-819438d1743f/ARL1-3fb245a.png | https://img1.wsimg.com/isteam/ip/26553ac1-dddf-4707-9a36-819438d1743f/ARL2-8129618.png | https://img1.wsimg.com/isteam/ip/26553ac1-dddf-4707-9a36-819438d1743f/BB.png | https://img1.wsimg.com/isteam/ip/26553ac1-dddf-4707-9a36-819438d1743f/BC%20PROPOSAL.png
"PULLOVER - ""CLASS OF"" EDITION",$44.95,https://img1.wsimg.com/isteam/ip/26553ac1-dddf-4707-9a36-819438d1743f/A15-8297b29.png,https://img1.wsimg.com/isteam/ip/26553ac1-dddf-4707-9a36-819438d1743f/A15-8297b29.png | https://img1.wsimg.com/isteam/ip/26553ac1-dddf-4707-9a36-819438d1743f/A13-a89c678.png | https://img1.wsimg.com/isteam/ip/26553ac1-dddf-4707-9a36-819438d1743f/A12-1c71d78.png | https://img1.wsimg.com/isteam/ip/26553ac1-dddf-4707-9a36-819438d1743f/A14-e66b331.png | https://img1.wsimg.com/isteam/ip/26553ac1-dddf-4707-9a36-819438d1743f/A16-cb2bcec.png | https://img1.wsimg.com/isteam/ip/26553ac1-dddf-4707-9a36-819438d1743f/A16%20-%20Copy-0584511.png
PULLOVER - ADULT (MENS SIZED) NAVY / LIGHT BLUE / WHITE OPTIONS,$34.95,https://img1.wsimg.com/isteam/ip/26553ac1-dddf-4707-9a36-819438d1743f/NV5.png,https://img1.wsimg.com/isteam/ip/26553ac1-dddf-4707-9a36-819438d1743f/NV5.png | https://img1.wsimg.com/isteam/ip/26553ac1-dddf-4707-9a36-819438d1743f/NV7.png | https://img1.wsimg.com/isteam/ip/26553ac1-dddf-4707-9a36-819438d1743f/NV8.png | https://img1.wsimg.com/isteam/ip/26553ac1-dddf-4707-9a36-819438d1743f/NV6.png
PULLOVER - ADULT SIZED NAVY / LIGHT BLUE / WHITE OPTIONS,$39.95,https://img1.wsimg.com/isteam/ip/26553ac1-dddf-4707-9a36-819438d1743f/A15-c33c20d.png,https://img1.wsimg.com/isteam/ip/26553ac1-dddf-4707-9a36-819438d1743f/A15-c33c20d.png | https://img1.wsimg.com/isteam/ip/26553ac1-dddf-4707-9a36-819438d1743f/A17%20-%20Copy-b00d089.png | https://img1.wsimg.com/isteam/ip/26553ac1-dddf-4707-9a36-819438d1743f/A14-827acfd.png | https://img1.wsimg.com/isteam/ip/26553ac1-dddf-4707-9a36-819438d1743f/A16%20-%20Copy-7dbcdd6.png | https://img1.wsimg.com/isteam/ip/26553ac1-dddf-4707-9a36-819438d1743f/A16-433ba6b.png | https://img1.wsimg.com/isteam/ip/26553ac1-dddf-4707-9a36-819438d1743f/A13-b93e80c.png | https://img1.wsimg.com/isteam/ip/26553ac1-dddf-4707-9a36-819438d1743f/A12-01b2cd4.png
PULLOVER - YOUTH (BOYS) SIZED,$34.95,https://img1.wsimg.com/isteam/ip/26553ac1-dddf-4707-9a36-819438d1743f/blob-7ac36e2.png,https://img1.wsimg.com/isteam/ip/26553ac1-dddf-4707-9a36-819438d1743f/blob-7ac36e2.png | https://img1.wsimg.com/isteam/ip/26553ac1-dddf-4707-9a36-819438d1743f/A19-00825e1.png | https://img1.wsimg.com/isteam/ip/26553ac1-dddf-4707-9a36-819438d1743f/A17.png | https://img1.wsimg.com/isteam/ip/26553ac1-dddf-4707-9a36-819438d1743f/A18-6548b82.png
RIDGELINE CHEER I DESIGN,$24.95,https://img1.wsimg.com/isteam/ip/26553ac1-dddf-4707-9a36-819438d1743f/FRONT%20OF%20SHIRT-e54e563.png,https://img1.wsimg.com/isteam/ip/26553ac1-dddf-4707-9a36-819438d1743f/FRONT%20OF%20SHIRT-e54e563.png | https://img1.wsimg.com/isteam/ip/26553ac1-dddf-4707-9a36-819438d1743f/A3-15f0bc6.png | https://img1.wsimg.com/isteam/ip/26553ac1-dddf-4707-9a36-819438d1743f/A4-e2fb4a9.png | https://img1.wsimg.com/isteam/ip/26553ac1-dddf-4707-9a36-819438d1743f/A2-535b8a0.png | https://img1.wsimg.com/isteam/ip/26553ac1-dddf-4707-9a36-819438d1743f/A5-a510e0a.png
RIDGELINE EAGLE HEAD VISOR,$19.95,https://img1.wsimg.com/isteam/ip/26553ac1-dddf-4707-9a36-819438d1743f/BC%20PROPOSAL-957d82e.png,https://img1.wsimg.com/isteam/ip/26553ac1-dddf-4707-9a36-819438d1743f/BC%20PROPOSAL-957d82e.png | https://img1.wsimg.com/isteam/ip/26553ac1-dddf-4707-9a36-819438d1743f/BERK%204%206-d2cf327.png | https://img1.wsimg.com/isteam/ip/26553ac1-dddf-4707-9a36-819438d1743f/BERK%201-0d2075c.png
RIDGELINE SPORT 2-TONE SPORT DESIGN,$24.95,https://img1.wsimg.com/isteam/ip/26553ac1-dddf-4707-9a36-819438d1743f/RL1C.png,https://img1.wsimg.com/isteam/ip/26553ac1-dddf-4707-9a36-819438d1743f/RL1C.png | https://img1.wsimg.com/isteam/ip/26553ac1-dddf-4707-9a36-819438d1743f/RL1.png
RL ADULT/YOUTH PE SHIRTS,$17.95,https://img1.wsimg.com/isteam/ip/26553ac1-dddf-4707-9a36-819438d1743f/ARL2-110cde0.png,https://img1.wsimg.com/isteam/ip/26553ac1-dddf-4707-9a36-819438d1743f/ARL2-110cde0.png | https://img1.wsimg.com/isteam/ip/26553ac1-dddf-4707-9a36-819438d1743f/ARL1-4cbb86d.png
RL MENS DRI-FIT ROYAL ORANGE POLO,$29.95,https://img1.wsimg.com/isteam/ip/26553ac1-dddf-4707-9a36-819438d1743f/ARL1-811dc3e.png,https://img1.wsimg.com/isteam/ip/26553ac1-dddf-4707-9a36-819438d1743f/ARL1-811dc3e.png | https://img1.wsimg.com/isteam/ip/26553ac1-dddf-4707-9a36-819438d1743f/ARL2-73f22cf.png
SCARF - NVCA LION,$19.95,https://img1.wsimg.com/isteam/ip/26553ac1-dddf-4707-9a36-819438d1743f/A2-80eab60.png,https://img1.wsimg.com/isteam/ip/26553ac1-dddf-4707-9a36-819438d1743f/A2-80eab60.png
SERVE AS JESUS DID DESIGN,$24.95,https://img1.wsimg.com/isteam/ip/26553ac1-dddf-4707-9a36-819438d1743f/A9%20-%20Copy-e429605.png,https://img1.wsimg.com/isteam/ip/26553ac1-dddf-4707-9a36-819438d1743f/A9%20-%20Copy-e429605.png | https://img1.wsimg.com/isteam/ip/26553ac1-dddf-4707-9a36-819438d1743f/A9-a6d554f.png | https://img1.wsimg.com/isteam/ip/26553ac1-dddf-4707-9a36-819438d1743f/A12%20-%20Copy%20(2)-c586814.png | https://img1.wsimg.com/isteam/ip/26553ac1-dddf-4707-9a36-819438d1743f/A12%20-%20Copy%20-%20Copy%20-%20Copy-368c53c.png | https://img1.wsimg.com/isteam/ip/26553ac1-dddf-4707-9a36-819438d1743f/A12%20-%20Copy%20-%20Copy-5a22168.png | https://img1.wsimg.com/isteam/ip/26553ac1-dddf-4707-9a36-819438d1743f/A10-eaa08b2.png
SLEEP DEPRIVED & BARELY ALIVE DESIGN,$24.95,https://img1.wsimg.com/isteam/ip/26553ac1-dddf-4707-9a36-819438d1743f/A11-d9436d5.png,https://img1.wsimg.com/isteam/ip/26553ac1-dddf-4707-9a36-819438d1743f/A11-d9436d5.png | https://img1.wsimg.com/isteam/ip/26553ac1-dddf-4707-9a36-819438d1743f/A10-78280e1.png | https://img1.wsimg.com/isteam/ip/26553ac1-dddf-4707-9a36-819438d1743f/A9%20-%20Copy-2d44229.png | https://img1.wsimg.com/isteam/ip/26553ac1-dddf-4707-9a36-819438d1743f/A12%20-%20Copy%20-%20Copy%20-%20Copy-e3f6198.png | https://img1.wsimg.com/isteam/ip/26553ac1-dddf-4707-9a36-819438d1743f/A9-fcf7d21.png | https://img1.wsimg.com/isteam/ip/26553ac1-dddf-4707-9a36-819438d1743f/A12%20-%20Copy%20-%20Copy-1b688e8.png
"SPIRIT DESIGN - ""EAGELE EYES""",$24.95,https://img1.wsimg.com/isteam/ip/26553ac1-dddf-4707-9a36-819438d1743f/A9-2807b70.png,https://img1.wsimg.com/isteam/ip/26553ac1-dddf-4707-9a36-819438d1743f/A9-2807b70.png | https://img1.wsimg.com/isteam/ip/26553ac1-dddf-4707-9a36-819438d1743f/A10-10fe02a.png | https://img1.wsimg.com/isteam/ip/26553ac1-dddf-4707-9a36-819438d1743f/A7-20a1689.png | https://img1.wsimg.com/isteam/ip/26553ac1-dddf-4707-9a36-819438d1743f/A6-a8b35d8.png | https://img1.wsimg.com/isteam/ip/26553ac1-dddf-4707-9a36-819438d1743f/A8-b20276b.png
"SPIRIT DESIGN - ""PROUD EAGLE""",$24.95,https://img1.wsimg.com/isteam/ip/26553ac1-dddf-4707-9a36-819438d1743f/A5-8389305.png,https://img1.wsimg.com/isteam/ip/26553ac1-dddf-4707-9a36-819438d1743f/A5-8389305.png | https://img1.wsimg.com/isteam/ip/26553ac1-dddf-4707-9a36-819438d1743f/A8-823882e.png | https://img1.wsimg.com/isteam/ip/26553ac1-dddf-4707-9a36-819438d1743f/A7-80d56e1.png | https://img1.wsimg.com/isteam/ip/26553ac1-dddf-4707-9a36-819438d1743f/A6-0e8a6a4.png | https://img1.wsimg.com/isteam/ip/26553ac1-dddf-4707-9a36-819438d1743f/A5-8389305.png | https://img1.wsimg.com/isteam/ip/26553ac1-dddf-4707-9a36-819438d1743f/A8-823882e.png | https://img1.wsimg.com/isteam/ip/26553ac1-dddf-4707-9a36-819438d1743f/A7-80d56e1.png | https://img1.wsimg.com/isteam/ip/26553ac1-dddf-4707-9a36-819438d1743f/A6-0e8a6a4.png
SPIRIT DESIGN - LOVE EAGLES,$24.95,https://img1.wsimg.com/isteam/ip/26553ac1-dddf-4707-9a36-819438d1743f/A7-c32ce75.png,https://img1.wsimg.com/isteam/ip/26553ac1-dddf-4707-9a36-819438d1743f/A7-c32ce75.png | https://img1.wsimg.com/isteam/ip/26553ac1-dddf-4707-9a36-819438d1743f/A6-ce5447a.png | https://img1.wsimg.com/isteam/ip/26553ac1-dddf-4707-9a36-819438d1743f/A5-30a5062.png | https://img1.wsimg.com/isteam/ip/26553ac1-dddf-4707-9a36-819438d1743f/A8-a6e763e.png
"SPIRIT TEE - ""THE RIDGE""",$24.95,https://img1.wsimg.com/isteam/ip/26553ac1-dddf-4707-9a36-819438d1743f/A10-83d0147.png,https://img1.wsimg.com/isteam/ip/26553ac1-dddf-4707-9a36-819438d1743f/A10-83d0147.png | https://img1.wsimg.com/isteam/ip/26553ac1-dddf-4707-9a36-819438d1743f/A12-41027ab.png | https://img1.wsimg.com/isteam/ip/26553ac1-dddf-4707-9a36-819438d1743f/A11-6145466.png | https://img1.wsimg.com/isteam/ip/26553ac1-dddf-4707-9a36-819438d1743f/A10-83d0147.png | https://img1.wsimg.com/isteam/ip/26553ac1-dddf-4707-9a36-819438d1743f/A12-41027ab.png | https://img1.wsimg.com/isteam/ip/26553ac1-dddf-4707-9a36-819438d1743f/A11-6145466.png | https://img1.wsimg.com/isteam/ip/26553ac1-dddf-4707-9a36-819438d1743f/A10-21d1bf7.png
SPIRIT TEE - PROPERTY OF AD DEPT,$24.95,https://img1.wsimg.com/isteam/ip/26553ac1-dddf-4707-9a36-819438d1743f/A5-4b8a325.png,https://img1.wsimg.com/isteam/ip/26553ac1-dddf-4707-9a36-819438d1743f/A5-4b8a325.png | https://img1.wsimg.com/isteam/ip/26553ac1-dddf-4707-9a36-819438d1743f/A6-1ed40f7.png | https://img1.wsimg.com/isteam/ip/26553ac1-dddf-4707-9a36-819438d1743f/A7-48fa155.png
ST ROSE LADIES SHORT SLEEVE TEE - VNECK - PULLOVER,$21.95,https://img1.wsimg.com/isteam/ip/26553ac1-dddf-4707-9a36-819438d1743f/A2-93d8056.png,https://img1.wsimg.com/isteam/ip/26553ac1-dddf-4707-9a36-819438d1743f/A2-93d8056.png
STADIUM BLANKET,$34.95,https://img1.wsimg.com/isteam/ip/26553ac1-dddf-4707-9a36-819438d1743f/A3-c40fbff.png,https://img1.wsimg.com/isteam/ip/26553ac1-dddf-4707-9a36-819438d1743f/A3-c40fbff.png
STEM APPAREL,$27.95,https://img1.wsimg.com/isteam/ip/26553ac1-dddf-4707-9a36-819438d1743f/1-1ed5dec.png,https://img1.wsimg.com/isteam/ip/26553ac1-dddf-4707-9a36-819438d1743f/1-1ed5dec.png | https://img1.wsimg.com/isteam/ip/26553ac1-dddf-4707-9a36-819438d1743f/3-a436d26.png | https://img1.wsimg.com/isteam/ip/26553ac1-dddf-4707-9a36-819438d1743f/2-7fbd3ac.png | https://img1.wsimg.com/isteam/ip/26553ac1-dddf-4707-9a36-819438d1743f/4-a306352.png
SWEATSHIRT - ADULT (MENS SIZED) NAVY/ LT BLUE / GRAY / WHITE,$29.95,https://img1.wsimg.com/isteam/ip/26553ac1-dddf-4707-9a36-819438d1743f/A13-f7ed4e3.png,https://img1.wsimg.com/isteam/ip/26553ac1-dddf-4707-9a36-819438d1743f/A13-f7ed4e3.png | https://img1.wsimg.com/isteam/ip/26553ac1-dddf-4707-9a36-819438d1743f/A14-032e532.png | https://img1.wsimg.com/isteam/ip/26553ac1-dddf-4707-9a36-819438d1743f/A15-9f5d183.png | https://img1.wsimg.com/isteam/ip/26553ac1-dddf-4707-9a36-819438d1743f/A16%20-%20Copy-3251322.png
SWEATSHIRTS - YOUTH SIZED,$29.95,https://img1.wsimg.com/isteam/ip/26553ac1-dddf-4707-9a36-819438d1743f/A8-c5cd57f.png,https://img1.wsimg.com/isteam/ip/26553ac1-dddf-4707-9a36-819438d1743f/A8-c5cd57f.png | https://img1.wsimg.com/isteam/ip/26553ac1-dddf-4707-9a36-819438d1743f/BACK%20OF%20SHIRT%20ORDER%20FORM%202026-c2e0fae.png | https://img1.wsimg.com/isteam/ip/26553ac1-dddf-4707-9a36-819438d1743f/A9-bd18724.png | https://img1.wsimg.com/isteam/ip/26553ac1-dddf-4707-9a36-819438d1743f/B-71e64e6.png
TEE- ADULT SIZING SPIRIT TEES,$27.95,https://img1.wsimg.com/isteam/ip/26553ac1-dddf-4707-9a36-819438d1743f/A11-da22a20.png,https://img1.wsimg.com/isteam/ip/26553ac1-dddf-4707-9a36-819438d1743f/A11-da22a20.png | https://img1.wsimg.com/isteam/ip/26553ac1-dddf-4707-9a36-819438d1743f/A13-757ae23.png | https://img1.wsimg.com/isteam/ip/26553ac1-dddf-4707-9a36-819438d1743f/A12-541e132.png | https://img1.wsimg.com/isteam/ip/26553ac1-dddf-4707-9a36-819438d1743f/A15-dd81d5c.png | https://img1.wsimg.com/isteam/ip/26553ac1-dddf-4707-9a36-819438d1743f/A14-b59b349.png | https://img1.wsimg.com/isteam/ip/26553ac1-dddf-4707-9a36-819438d1743f/A10-97ea5e3.png
TEE- YOUTH SIZED SPIRIT SHIRTS,$27.95,https://img1.wsimg.com/isteam/ip/26553ac1-dddf-4707-9a36-819438d1743f/FRONT%20OF%20SHIRT-2912eab.png,https://img1.wsimg.com/isteam/ip/26553ac1-dddf-4707-9a36-819438d1743f/FRONT%20OF%20SHIRT-2912eab.png | https://img1.wsimg.com/isteam/ip/26553ac1-dddf-4707-9a36-819438d1743f/A10-97ea5e3.png | https://img1.wsimg.com/isteam/ip/26553ac1-dddf-4707-9a36-819438d1743f/FRONT%20OF%20SHIRT%202-30549dd.png | https://img1.wsimg.com/isteam/ip/26553ac1-dddf-4707-9a36-819438d1743f/A-b47476b.png
TRIBEGEAR -MENS SIZED TEES,$24.95,https://img1.wsimg.com/isteam/ip/26553ac1-dddf-4707-9a36-819438d1743f/TRIBE%20all-791720a.png,https://img1.wsimg.com/isteam/ip/26553ac1-dddf-4707-9a36-819438d1743f/TRIBE%20all-791720a.png
TRUCKER HATS WITH PATCH,$29.95,https://img1.wsimg.com/isteam/ip/26553ac1-dddf-4707-9a36-819438d1743f/FITTED.png,https://img1.wsimg.com/isteam/ip/26553ac1-dddf-4707-9a36-819438d1743f/FITTED.png
USA FLAG DESIGN,$27.95,https://img1.wsimg.com/isteam/ip/26553ac1-dddf-4707-9a36-819438d1743f/3-9b3d77c.png,https://img1.wsimg.com/isteam/ip/26553ac1-dddf-4707-9a36-819438d1743f/3-9b3d77c.png | https://img1.wsimg.com/isteam/ip/26553ac1-dddf-4707-9a36-819438d1743f/6-65af702.png | https://img1.wsimg.com/isteam/ip/26553ac1-dddf-4707-9a36-819438d1743f/1-61d1294.png | https://img1.wsimg.com/isteam/ip/26553ac1-dddf-4707-9a36-819438d1743f/7-9b3d77c.png | https://img1.wsimg.com/isteam/ip/26553ac1-dddf-4707-9a36-819438d1743f/5-996de77.png | https://img1.wsimg.com/isteam/ip/26553ac1-dddf-4707-9a36-819438d1743f/8.png | https://img1.wsimg.com/isteam/ip/26553ac1-dddf-4707-9a36-819438d1743f/2-09f26bf.png | https://img1.wsimg.com/isteam/ip/26553ac1-dddf-4707-9a36-819438d1743f/4-ecddda4.png
VARISTY INSULATED HOODED JACKET - MENS SIZED,$89.95,https://img1.wsimg.com/isteam/ip/26553ac1-dddf-4707-9a36-819438d1743f/A9%20-%20Copy-6932c1a.png,https://img1.wsimg.com/isteam/ip/26553ac1-dddf-4707-9a36-819438d1743f/A9%20-%20Copy-6932c1a.png | https://img1.wsimg.com/isteam/ip/26553ac1-dddf-4707-9a36-819438d1743f/A9-555a808.png
VEHICLE DECALS,$4.95,https://img1.wsimg.com/isteam/ip/26553ac1-dddf-4707-9a36-819438d1743f/A1-ed51989.png,https://img1.wsimg.com/isteam/ip/26553ac1-dddf-4707-9a36-819438d1743f/A1-ed51989.png | https://img1.wsimg.com/isteam/ip/26553ac1-dddf-4707-9a36-819438d1743f/A2-75d75c7.png | https://img1.wsimg.com/isteam/ip/26553ac1-dddf-4707-9a36-819438d1743f/A3-5e918e9.png | https://img1.wsimg.com/isteam/ip/26553ac1-dddf-4707-9a36-819438d1743f/A4-2f9d768.png
WE ARE EAGLES APPAREL,$24.95,https://img1.wsimg.com/isteam/ip/26553ac1-dddf-4707-9a36-819438d1743f/A5-3c7f21c.png,https://img1.wsimg.com/isteam/ip/26553ac1-dddf-4707-9a36-819438d1743f/A5-3c7f21c.png | https://img1.wsimg.com/isteam/ip/26553ac1-dddf-4707-9a36-819438d1743f/A7-2bb5dce.png | https://img1.wsimg.com/isteam/ip/26553ac1-dddf-4707-9a36-819438d1743f/A9-f47d085.png | https://img1.wsimg.com/isteam/ip/26553ac1-dddf-4707-9a36-819438d1743f/A6-3122c16.png | https://img1.wsimg.com/isteam/ip/26553ac1-dddf-4707-9a36-819438d1743f/A10-0bfc41c.png
WE ARE EAGLES DESIGN,$24.95,https://img1.wsimg.com/isteam/ip/26553ac1-dddf-4707-9a36-819438d1743f/HV1.png,https://img1.wsimg.com/isteam/ip/26553ac1-dddf-4707-9a36-819438d1743f/HV1.png | https://img1.wsimg.com/isteam/ip/26553ac1-dddf-4707-9a36-819438d1743f/HV2.png | https://img1.wsimg.com/isteam/ip/26553ac1-dddf-4707-9a36-819438d1743f/HV3.png | https://img1.wsimg.com/isteam/ip/26553ac1-dddf-4707-9a36-819438d1743f/HV4.png
"YOUTH & LADIES ""POM"" APPAREL",$24.95,https://img1.wsimg.com/isteam/ip/26553ac1-dddf-4707-9a36-819438d1743f/3-c3f9043.png,https://img1.wsimg.com/isteam/ip/26553ac1-dddf-4707-9a36-819438d1743f/3-c3f9043.png | https://img1.wsimg.com/isteam/ip/26553ac1-dddf-4707-9a36-819438d1743f/1-008786c.png | https://img1.wsimg.com/isteam/ip/26553ac1-dddf-4707-9a36-819438d1743f/6.png | https://img1.wsimg.com/isteam/ip/26553ac1-dddf-4707-9a36-819438d1743f/4-4b7848e.png | https://img1.wsimg.com/isteam/ip/26553ac1-dddf-4707-9a36-819438d1743f/2-ab7b14b.png | https://img1.wsimg.com/isteam/ip/26553ac1-dddf-4707-9a36-819438d1743f/5-81c8bd7.png
YOUTH CORE JACKET,$44.95,https://img1.wsimg.com/isteam/ip/26553ac1-dddf-4707-9a36-819438d1743f/A6-26b9f8c.png,https://img1.wsimg.com/isteam/ip/26553ac1-dddf-4707-9a36-819438d1743f/A6-26b9f8c.png
YOUTH OR ADULT ROYAL PULLOVER,$34.95,https://img1.wsimg.com/isteam/ip/26553ac1-dddf-4707-9a36-819438d1743f/ARL1-362d215.png,https://img1.wsimg.com/isteam/ip/26553ac1-dddf-4707-9a36-819438d1743f/ARL1-362d215.png
YOUTH OR ADULT ZIPPERED SWEATSHIRT,$34.95,https://img1.wsimg.com/isteam/ip/26553ac1-dddf-4707-9a36-819438d1743f/ARL1-5130a5a.png,https://img1.wsimg.com/isteam/ip/26553ac1-dddf-4707-9a36-819438d1743f/ARL1-5130a5a.png
ZIPPERED HOODIES - ADULT SIZING NAVY / GRAY / LT BLUE / WHITE,$34.95,https://img1.wsimg.com/isteam/ip/26553ac1-dddf-4707-9a36-819438d1743f/A18-9e5ec21.png,https://img1.wsimg.com/isteam/ip/26553ac1-dddf-4707-9a36-819438d1743f/A18-9e5ec21.png | https://img1.wsimg.com/isteam/ip/26553ac1-dddf-4707-9a36-819438d1743f/A21-92bbf6f.png | https://img1.wsimg.com/isteam/ip/26553ac1-dddf-4707-9a36-819438d1743f/A19-88d7ea4.png | https://img1.wsimg.com/isteam/ip/26553ac1-dddf-4707-9a36-819438d1743f/A20-5b12d14.png
ZIPPERED HOODIES - YOUTH SIZING NAVY / GRAY / LT BLUE / WHITE,$34.95,https://img1.wsimg.com/isteam/ip/26553ac1-dddf-4707-9a36-819438d1743f/A18-01b3e42.png,https://img1.wsimg.com/isteam/ip/26553ac1-dddf-4707-9a36-819438d1743f/A18-01b3e42.png | https://img1.wsimg.com/isteam/ip/26553ac1-dddf-4707-9a36-819438d1743f/A21-f8fbb30.png | https://img1.wsimg.com/isteam/ip/26553ac1-dddf-4707-9a36-819438d1743f/A19-001254a.png | https://img1.wsimg.com/isteam/ip/26553ac1-dddf-4707-9a36-819438d1743f/A20-ed8d075.png
