product,price,in_stock,slug,image_files
"""BASEBALL"" DESIGN APPAREL",$27.95,True,baseball-design-apparel,BASEBALL DESIGN APPAREL.png | BASEBALL DESIGN APPAREL (2).png | BASEBALL DESIGN APPAREL (3).png | BASEBALL DESIGN APPAREL (4).png | BASEBALL DESIGN APPAREL (5).png
"""GLITTER"" CHEER GEAR",$29.95,True,glitter-cheer-gear,GLITTER CHEER GEAR.png | GLITTER CHEER GEAR (2).png | GLITTER CHEER GEAR (3).png | GLITTER CHEER GEAR (4).png | GLITTER CHEER GEAR (5).png | GLITTER CHEER GEAR (6).png
"""MOM"" SPORT SPECIFIC DESIGN",$27.95,True,mom-sport-specific-design,MOM SPORT SPECIFIC DESIGN.png | MOM SPORT SPECIFIC DESIGN (2).png | MOM SPORT SPECIFIC DESIGN (3).png | MOM SPORT SPECIFIC DESIGN (4).png | MOM SPORT SPECIFIC DESIGN (5).png
"""PLATE"" DESIGN APPAREL",$27.95,True,plate-design-apparel,PLATE DESIGN APPAREL.png | PLATE DESIGN APPAREL (2).png | PLATE DESIGN APPAREL (3).png | PLATE DESIGN APPAREL (4).png | PLATE DESIGN APPAREL (5).png
"""PROUD EAGLE"" SPIRIT DESIGN",$24.95,True,proud-eagle-spirit-design,PROUD EAGLE SPIRIT DESIGN.png | PROUD EAGLE SPIRIT DESIGN (2).png | PROUD EAGLE SPIRIT DESIGN (3).png | PROUD EAGLE SPIRIT DESIGN (4).png | PROUD EAGLE SPIRIT DESIGN (5).png
"""R EAGLES SPIRIT APPAREL",$27.95,True,r-eagles-spirit-apparel,R EAGLES SPIRIT APPAREL.png | R EAGLES SPIRIT APPAREL (2).png
"""SERVE"" APPAREL",$27.95,True,serve-apparel,SERVE APPAREL.png | SERVE APPAREL (2).png | SERVE APPAREL (3).png | SERVE APPAREL (4).png | SERVE APPAREL (5).png | SERVE APPAREL (6).png
"""SPORT SPECIFIC BALL"" DESIGN",$24.95,True,sport-specific-ball-design,SPORT SPECIFIC BALL DESIGN.png | SPORT SPECIFIC BALL DESIGN (2).png | SPORT SPECIFIC BALL DESIGN (3).png | SPORT SPECIFIC BALL DESIGN (4).png
"""THE RIDGE"" SPIRIT APPAREL",$24.95,True,the-ridge-spirit-apparel,THE RIDGE SPIRIT APPAREL.png | THE RIDGE SPIRIT APPAREL (2).png | THE RIDGE SPIRIT APPAREL (3).png | THE RIDGE SPIRIT APPAREL (4).png | THE RIDGE SPIRIT APPAREL (5).png
"""UNDERLINED EAGLES"" SPIRIT APPAREL",$27.95,True,underlined-eagles-spirit-apparel,UNDERLINED EAGLES SPIRIT APPAREL.png | UNDERLINED EAGLES SPIRIT APPAREL (2).png | UNDERLINED EAGLES SPIRIT APPAREL (3).png | UNDERLINED EAGLES SPIRIT APPAREL (4).png | UNDERLINED EAGLES SPIRIT APPAREL (5).png | UNDERLINED EAGLES SPIRIT APPAREL (6).png
"""VERTICAL EAGLES"" SPIRIT DESIGN",$27.95,True,vertical-eagles-spirit-design,VERTICAL EAGLES SPIRIT DESIGN.png | VERTICAL EAGLES SPIRIT DESIGN (2).png | VERTICAL EAGLES SPIRIT DESIGN (3).png | VERTICAL EAGLES SPIRIT DESIGN (4).png | VERTICAL EAGLES SPIRIT DESIGN (5).png | VERTICAL EAGLES SPIRIT DESIGN (6).png
"""WE ARE EAGLES"" SPIRIT DESIG",$27.95,True,we-are-eagles-spirit-desig,WE ARE EAGLES SPIRIT DESIG.png | WE ARE EAGLES SPIRIT DESIG (2).png | WE ARE EAGLES SPIRIT DESIG (3).png | WE ARE EAGLES SPIRIT DESIG (4).png
"'ANGLED EAGLES"" SPIRIT DESIGN",$24.95,True,angled-eagles-spirit-design,'ANGLED EAGLES SPIRIT DESIGN.png | 'ANGLED EAGLES SPIRIT DESIGN (2).png | 'ANGLED EAGLES SPIRIT DESIGN (3).png | 'ANGLED EAGLES SPIRIT DESIGN (4).png | 'ANGLED EAGLES SPIRIT DESIGN (5).png | 'ANGLED EAGLES SPIRIT DESIGN (6).png
250 YEARS OF FREEDOM,$29.95,True,250-years-of-freedom,250 YEARS OF FREEDOM.png | 250 YEARS OF FREEDOM (2).png | 250 YEARS OF FREEDOM (3).png | 250 YEARS OF FREEDOM (4).png | 250 YEARS OF FREEDOM (5).png | 250 YEARS OF FREEDOM (6).png | 250 YEARS OF FREEDOM (7).png | 250 YEARS OF FREEDOM (8).png
250 YEARS OF FREEDOM APPAREL,$29.95,True,250-years-of-freedom-apparel,250 YEARS OF FREEDOM APPAREL.png | 250 YEARS OF FREEDOM APPAREL (2).png | 250 YEARS OF FREEDOM APPAREL (3).png | 250 YEARS OF FREEDOM APPAREL (4).png | 250 YEARS OF FREEDOM APPAREL (5).png | 250 YEARS OF FREEDOM APPAREL (6).png | 250 YEARS OF FREEDOM APPAREL (7).png | 250 YEARS OF FREEDOM APPAREL (8).png
250TH ANNIVERSARY FLAG DESIGN,$29.95,True,250th-anniversary-flag-design,250TH ANNIVERSARY FLAG DESIGN.png | 250TH ANNIVERSARY FLAG DESIGN (2).png | 250TH ANNIVERSARY FLAG DESIGN (3).png | 250TH ANNIVERSARY FLAG DESIGN (4).png | 250TH ANNIVERSARY FLAG DESIGN (5).png | 250TH ANNIVERSARY FLAG DESIGN (6).png | 250TH ANNIVERSARY FLAG DESIGN (7).png
911 DISPATCHER DESIGN,$27.95,True,911-dispatcher-design,911 DISPATCHER DESIGN.png | 911 DISPATCHER DESIGN (2).png | 911 DISPATCHER DESIGN (3).png | 911 DISPATCHER DESIGN (4).png | 911 DISPATCHER DESIGN (5).png | 911 DISPATCHER DESIGN (6).png | 911 DISPATCHER DESIGN (7).png | 911 DISPATCHER DESIGN (8).png
ADULT CORE SOFT SHELL JACKET,$49.95,True,adult-core-soft-shell-jacket,ADULT CORE SOFT SHELL JACKET.png | ADULT CORE SOFT SHELL JACKET (2).png
ANGLED UP EAGLES APPAREL,$24.95,True,angled-up-eagles-apparel,ANGLED UP EAGLES APPAREL.png | ANGLED UP EAGLES APPAREL (2).png | ANGLED UP EAGLES APPAREL (3).png | ANGLED UP EAGLES APPAREL (4).png
"ARMY - ""FLAG MOS"" DESIGN",$24.95,True,army-flag-mos-design,ARMY - FLAG MOS DESIGN.png | ARMY - FLAG MOS DESIGN (2).png | ARMY - FLAG MOS DESIGN (3).png
BACPACK - OGIO FUGITVE PACK,$89.95,True,bacpack-ogio-fugitve-pack,BACPACK - OGIO FUGITVE PACK.png
BGSU PULLOVER,$44.95,True,bgsu-pullover,BGSU PULLOVER.png | BGSU PULLOVER (2).png | BGSU PULLOVER (3).png
BOYS CLASSIC POLO,$27.95,True,boys-classic-polo,BOYS CLASSIC POLO.png | BOYS CLASSIC POLO (2).png | BOYS CLASSIC POLO (3).png
BOYS DRI-FIT POLOS,$29.95,True,boys-dri-fit-polos,BOYS DRI-FIT POLOS.png | BOYS DRI-FIT POLOS (2).png | BOYS DRI-FIT POLOS (3).png
"CLASSIC ""R"" DESIGN",$24.95,True,classic-r-design,CLASSIC R DESIGN.png | CLASSIC R DESIGN (2).png | CLASSIC R DESIGN (3).png | CLASSIC R DESIGN (4).png | CLASSIC R DESIGN (5).png
"CS ""WORK TOGETHER"" TEES",$29.95,True,cs-work-together-tees,CS WORK TOGETHER TEES.png | CS WORK TOGETHER TEES (2).png | CS WORK TOGETHER TEES (3).png | CS WORK TOGETHER TEES (4).png
"CUSTOM ARTWORK -""Bear"" Bryant with 2009 National Champions WATERCOLOR LIMITED PRINT (500)",$250.00,True,custom-artwork-bear-bryant-with-2009-national-champions-watercolor-limited-print-500,CUSTOM ARTWORK -Bear Bryant with 2009 National Champions WATERCOLOR LIMITED PRINT (500).png | CUSTOM ARTWORK -Bear Bryant with 2009 National Champions WATERCOLOR LIMITED PRINT (500) (2).png
CUSTOM ARTWORK -Charles Barkley pencil drawing LIMITED PRINT (1-500) Signed by artist,$150.00,True,custom-artwork-charles-barkley-pencil-drawing-limited-print-1-500-signed-by-artist,CUSTOM ARTWORK -Charles Barkley pencil drawing LIMITED PRINT (1-500) Signed by artist.png | CUSTOM ARTWORK -Charles Barkley pencil drawing LIMITED PRINT (1-500) Signed by artist (2).png
CUSTOM ARTWORK -Chris Chandler pencil drawing (1-500),$100.00,True,custom-artwork-chris-chandler-pencil-drawing-1-500,CUSTOM ARTWORK -Chris Chandler pencil drawing (1-500).png | CUSTOM ARTWORK -Chris Chandler pencil drawing (1-500) (2).png
"CUSTOM ARTWORK -Clint ""DIrty Harry Eastwood drawing LIMITED PRINT (1-500) Signed by artist",$150.00,True,custom-artwork-clint-dirty-harry-eastwood-drawing-limited-print-1-500-signed-by-artist,CUSTOM ARTWORK -Clint DIrty Harry Eastwood drawing LIMITED PRINT (1-500) Signed by artist.png
CUSTOM ARTWORK -LARRY FITZGERALD WATERCOLOR LIMITED PRINT (500),$150.00,True,custom-artwork-larry-fitzgerald-watercolor-limited-print-500,CUSTOM ARTWORK -LARRY FITZGERALD WATERCOLOR LIMITED PRINT (500).png
Class of 2027 TEE,$29.00,True,class-of-2027-tee,Class of 2027 TEE.png
Custom Cancer Shirt,$50.00,True,custom-cancer-shirt,Custom Cancer Shirt.png
Custom Hockey Jersey,$50.00,True,custom-hockey-jersey,Custom Hockey Jersey.png | Custom Hockey Jersey (2).png
DISTRESSED HATS WITH PATCH,$29.95,True,distressed-hats-with-patch,DISTRESSED HATS WITH PATCH.png
DUFFEL BAG - NEW ERA SHOUT OUT BAG,$79.95,True,duffel-bag-new-era-shout-out-bag,DUFFEL BAG - NEW ERA SHOUT OUT BAG.png
EAGLE EYES SPIRIT APPAREL,$24.95,True,eagle-eyes-spirit-apparel,EAGLE EYES SPIRIT APPAREL.png | EAGLE EYES SPIRIT APPAREL (2).png | EAGLE EYES SPIRIT APPAREL (3).png | EAGLE EYES SPIRIT APPAREL (4).png | EAGLE EYES SPIRIT APPAREL (5).png
EAGLES E DESIGN,$24.95,True,eagles-e-design,EAGLES E DESIGN.png | EAGLES E DESIGN (2).png | EAGLES E DESIGN (3).png | EAGLES E DESIGN (4).png
FITTED HATS W/PATCH,$29.95,True,fitted-hats-wpatch,FITTED HATS W-PATCH.png
GIRLS / LADIES CURSIVE EAGLES DESIGN,$24.95,True,girls-ladies-cursive-eagles-design,GIRLS - LADIES CURSIVE EAGLES DESIGN.png | GIRLS - LADIES CURSIVE EAGLES DESIGN (2).png | GIRLS - LADIES CURSIVE EAGLES DESIGN (3).png | GIRLS - LADIES CURSIVE EAGLES DESIGN (4).png | GIRLS - LADIES CURSIVE EAGLES DESIGN (5).png
GOLF TOWEL,$19.95,True,golf-towel,GOLF TOWEL.png
"HALLOWEEN - ""I'M A GHOST - BOO"" DESIGN",$21.95,True,halloween-im-a-ghost-boo-design,HALLOWEEN - I'M A GHOST - BOO DESIGN.png | HALLOWEEN - I'M A GHOST - BOO DESIGN (2).png | HALLOWEEN - I'M A GHOST - BOO DESIGN (3).png
"HALLOWEEN SERIES - ""DRINK UP WITCHES"" DESIGN",$24.95,True,halloween-series-drink-up-witches-design,HALLOWEEN SERIES - DRINK UP WITCHES DESIGN.png | HALLOWEEN SERIES - DRINK UP WITCHES DESIGN (2).png | HALLOWEEN SERIES - DRINK UP WITCHES DESIGN (3).png | HALLOWEEN SERIES - DRINK UP WITCHES DESIGN (4).png
"HALLOWEEN SERIES - ""I DON'T SPOOK, I SPARKLE"" DESIGN",$24.95,True,halloween-series-i-dont-spook-i-sparkle-design,"HALLOWEEN SERIES - I DON'T SPOOK, I SPARKLE DESIGN.png | HALLOWEEN SERIES - I DON'T SPOOK, I SPARKLE DESIGN (2).png | HALLOWEEN SERIES - I DON'T SPOOK, I SPARKLE DESIGN (3).png"
"HALLOWEEN SERIES - ""PEACE OUT GHOST"" DESIGN",$24.95,True,halloween-series-peace-out-ghost-design,HALLOWEEN SERIES - PEACE OUT GHOST DESIGN.png | HALLOWEEN SERIES - PEACE OUT GHOST DESIGN (2).png | HALLOWEEN SERIES - PEACE OUT GHOST DESIGN (3).png
"HALLOWEEN SERIES - ""SHE SKELETON"" DESIGN",$24.95,True,halloween-series-she-skeleton-design,HALLOWEEN SERIES - SHE SKELETON DESIGN.png | HALLOWEEN SERIES - SHE SKELETON DESIGN (2).png | HALLOWEEN SERIES - SHE SKELETON DESIGN (3).png
"HALLOWEEN SERIES - ""SO CUTE, IT'S SCARY"" DESIGN",$19.95,True,halloween-series-so-cute-its-scary-design,"HALLOWEEN SERIES - SO CUTE, IT'S SCARY DESIGN.png | HALLOWEEN SERIES - SO CUTE, IT'S SCARY DESIGN (2).png | HALLOWEEN SERIES - SO CUTE, IT'S SCARY DESIGN (3).png | HALLOWEEN SERIES - SO CUTE, IT'S SCARY DESIGN (4).png"
"HALLOWEEN SERIES - ""WITCHES BE CRAZY"" DESIGN",$24.95,True,halloween-series-witches-be-crazy-design,HALLOWEEN SERIES - WITCHES BE CRAZY DESIGN.png | HALLOWEEN SERIES - WITCHES BE CRAZY DESIGN (2).png | HALLOWEEN SERIES - WITCHES BE CRAZY DESIGN (3).png | HALLOWEEN SERIES - WITCHES BE CRAZY DESIGN (4).png
HAT - POM BEANIE,$19.95,True,hat-pom-beanie-37ce3e,HAT - POM BEANIE.png
JACKET - YOUTH FLEECE,$37.95,True,jacket-youth-fleece,JACKET - YOUTH FLEECE.png
JACKET - YOUTH TRI-COT,$39.95,True,-jacket-youth-tri-cot-,JACKET - YOUTH TRI-COT.png
LADIES BLING GEAR,$29.95,True,ladies-bling-gear,LADIES BLING GEAR.png | LADIES BLING GEAR (2).png | LADIES BLING GEAR (3).png | LADIES BLING GEAR (4).png | LADIES BLING GEAR (5).png | LADIES BLING GEAR (6).png | LADIES BLING GEAR (7).png | LADIES BLING GEAR (8).png
LADIES CLASSIC ROYAL AND ORANGE POLO,$27.95,True,ladies-classic-royal-and-orange-polo,LADIES CLASSIC ROYAL AND ORANGE POLO.png | LADIES CLASSIC ROYAL AND ORANGE POLO (2).png
LADIES EAGLES ARC SOFTBALL APPAREL,$27.95,True,ladies-eagles-arc-softball-apparel,LADIES EAGLES ARC SOFTBALL APPAREL.png | LADIES EAGLES ARC SOFTBALL APPAREL (2).png | LADIES EAGLES ARC SOFTBALL APPAREL (3).png | LADIES EAGLES ARC SOFTBALL APPAREL (4).png
LADIES LION & CROSS TEE,$24.95,True,ladies-lion-cross-tee,LADIES LION & CROSS TEE.png | LADIES LION & CROSS TEE (2).png | LADIES LION & CROSS TEE (3).png | LADIES LION & CROSS TEE (4).png | LADIES LION & CROSS TEE (5).png
LONG SLEEVE BASEBALL APPAREL DESIGN,$29.95,True,long-sleeve-baseball-apparel-design,LONG SLEEVE BASEBALL APPAREL DESIGN.png | LONG SLEEVE BASEBALL APPAREL DESIGN (2).png
"MADE IN AMERICA WITH "" YOUR COUNTRY OF CHOICE"" PARTS",$29.95,True,made-in-america-with-your-country-of-choice-parts,MADE IN AMERICA WITH YOUR COUNTRY OF CHOICE PARTS.png
MENS CLASSIS ROYAL AND ORANGE POLO,$27.95,True,mens-classis-royal-and-orange-polo,MENS CLASSIS ROYAL AND ORANGE POLO.png | MENS CLASSIS ROYAL AND ORANGE POLO (2).png
MENS CORE JACKET,$44.95,True,mens-core-jacket,MENS CORE JACKET.png
MENS EAGLES ARC BASEBALL APPAREL,$27.95,True,mens-eagles-arc-baseball-apparel,MENS EAGLES ARC BASEBALL APPAREL.png | MENS EAGLES ARC BASEBALL APPAREL (2).png | MENS EAGLES ARC BASEBALL APPAREL (3).png | MENS EAGLES ARC BASEBALL APPAREL (4).png | MENS EAGLES ARC BASEBALL APPAREL (5).png
MENS FLEECE JACKET,$39.95,True,mens-fleece-jacket,MENS FLEECE JACKET.png
"MENS LONG SLEEVE ""LANE"" SHIRT",$32.95,True,mens-long-sleeve-lane-shirt,MENS LONG SLEEVE LANE SHIRT.png | MENS LONG SLEEVE LANE SHIRT (2).png
MESSENGER LAPTOP BAG,$59.95,True,messenger-laptop-bag,MESSENGER LAPTOP BAG.png
NVCA CLASS OF 2027 BOX DESIGN APPAREL,$29.95,True,nvca-class-of-2027-box-design-apparel,NVCA CLASS OF 2027 BOX DESIGN APPAREL.png | NVCA CLASS OF 2027 BOX DESIGN APPAREL (2).png | NVCA CLASS OF 2027 BOX DESIGN APPAREL (3).png | NVCA CLASS OF 2027 BOX DESIGN APPAREL (4).png
NVCA CLASS OF 2027 CURSIVE DESIGN APPAREL,$27.95,True,nvca-class-of-2027-cursive-design-apparel,NVCA CLASS OF 2027 CURSIVE DESIGN APPAREL.png | NVCA CLASS OF 2027 CURSIVE DESIGN APPAREL (2).png | NVCA CLASS OF 2027 CURSIVE DESIGN APPAREL (3).png
NVCA CLASS OF 2027 LION SHIELD DESIGN APPAREL,$29.95,True,nvca-class-of-2027-lion-shield-design-apparel,NVCA CLASS OF 2027 LION SHIELD DESIGN APPAREL.png | NVCA CLASS OF 2027 LION SHIELD DESIGN APPAREL (2).png | NVCA CLASS OF 2027 LION SHIELD DESIGN APPAREL (3).png | NVCA CLASS OF 2027 LION SHIELD DESIGN APPAREL (4).png | NVCA CLASS OF 2027 LION SHIELD DESIGN APPAREL (5).png
NVCA YOUTH TRI-COT ZIPPERED JACKET,$49.95,True,nvca-youth-tri-cot-zippered-jacket,NVCA YOUTH TRI-COT ZIPPERED JACKET.png
North Valley Christian Academy Lions T-Shirt,$27.95,True,north-valley-christian-academy-lions-t-shirt,North Valley Christian Academy Lions T-Shirt.png
PE PACKAGE - MENS & WOMENS,$29.50,True,pe-package-mens-womens,PE PACKAGE - MENS & WOMENS.png | PE PACKAGE - MENS & WOMENS (2).png
PE PACKAGE - YOUTH SIZING,$29.50,True,pe-package-youth-sizing,PE PACKAGE - YOUTH SIZING.png
PE SHIRT - MENS/BOYS/LADIES SIZED,$17.95,True,pe-shirt-mensboysladies-sized,PE SHIRT - MENS-BOYS-LADIES SIZED.png | PE SHIRT - MENS-BOYS-LADIES SIZED (2).png | PE SHIRT - MENS-BOYS-LADIES SIZED (3).png
PHOENIX BIRD DESIGN,$27.95,True,phoenix-bird-design,PHOENIX BIRD DESIGN.png | PHOENIX BIRD DESIGN (2).png | PHOENIX BIRD DESIGN (3).png | PHOENIX BIRD DESIGN (4).png | PHOENIX BIRD DESIGN (5).png | PHOENIX BIRD DESIGN (6).png | PHOENIX BIRD DESIGN (7).png | PHOENIX BIRD DESIGN (8).png | PHOENIX BIRD DESIGN (9).png
POLO - ADULT MENS CLASSIC LONG SLEEVE 60/40 BLEND,$32.95,True,polo-adult-mens-classic-long-sleeve-6040-blend,POLO - ADULT MENS CLASSIC LONG SLEEVE 60-40 BLEND.png | POLO - ADULT MENS CLASSIC LONG SLEEVE 60-40 BLEND (2).png | POLO - ADULT MENS CLASSIC LONG SLEEVE 60-40 BLEND (3).png
POLO - ADULT MENS SILK/FEEL STYLE,$29.95,True,polo-adult-mens-silkfeel-style,POLO - ADULT MENS SILK-FEEL STYLE.png | POLO - ADULT MENS SILK-FEEL STYLE (2).png | POLO - ADULT MENS SILK-FEEL STYLE (3).png | POLO - ADULT MENS SILK-FEEL STYLE (4).png
POLO - BOYS LONG SLEEVE CLASSIC 60/40 BLEND,$29.95,True,polo-boys-long-sleeve-classic-6040-blend-,POLO - BOYS LONG SLEEVE CLASSIC 60-40 BLEND.png | POLO - BOYS LONG SLEEVE CLASSIC 60-40 BLEND (2).png
POLO - BOYS ORANGE,$27.95,True,polo-boys-orange,POLO - BOYS ORANGE.png
POLO - BOYS ROYAL BLUE,$27.95,True,polo-boys-royal-blue-,POLO - BOYS ROYAL BLUE.png
POLO - BOYS/YOUTH LONG SLEEVE ROYAL BLUE,$29.95,True,polo-boysyouth-long-sleeve-royal-blue-,POLO - BOYS-YOUTH LONG SLEEVE ROYAL BLUE.png | POLO - BOYS-YOUTH LONG SLEEVE ROYAL BLUE (2).png
POLO - GIRLS CLASSIC NAVY / LT BLUE / WHITE - 60/40 BLEND,$27.95,True,polo-girls-classic-navy-lt-blue-white-6040-blend,POLO - GIRLS CLASSIC NAVY - LT BLUE - WHITE - 60-40 BLEND.png | POLO - GIRLS CLASSIC NAVY - LT BLUE - WHITE - 60-40 BLEND (2).png | POLO - GIRLS CLASSIC NAVY - LT BLUE - WHITE - 60-40 BLEND (3).png | POLO - GIRLS CLASSIC NAVY - LT BLUE - WHITE - 60-40 BLEND (4).png
POLO - GIRLS ORANGE RUFFLE FRONT SOFT PIQUE POLO,$27.95,True,polo-girls-orange-ruffle-front-soft-pique-polo,POLO - GIRLS ORANGE RUFFLE FRONT SOFT PIQUE POLO.png
POLO - GIRLS ROYAL BLUE,$27.95,True,polo-girls-royal-blue-,POLO - GIRLS ROYAL BLUE.png
POLO - GIRLS ROYAL BLUE,$27.95,True,polo-girls-royal-blue,POLO - GIRLS ROYAL BLUE [2].png
"POLO - LADIES ""NIKE"" NAVY & WHITE DRI-FIT",$44.95,True,polo-ladies-nike-navy-white-dri-fit,POLO - LADIES NIKE NAVY & WHITE DRI-FIT.png | POLO - LADIES NIKE NAVY & WHITE DRI-FIT (2).png | POLO - LADIES NIKE NAVY & WHITE DRI-FIT (3).png
POLO - LADIES CLASSIC 60/40 BLEND,$27.95,True,polo-ladies-classic-6040-blend,POLO - LADIES CLASSIC 60-40 BLEND.png | POLO - LADIES CLASSIC 60-40 BLEND (2).png | POLO - LADIES CLASSIC 60-40 BLEND (3).png
POLO - LADIES DRI-FIT,$29.95,True,polo-ladies-dri-fit,POLO - LADIES DRI-FIT.png | POLO - LADIES DRI-FIT (2).png | POLO - LADIES DRI-FIT (3).png
POLO - LADIES LONG SLEEVE,$32.95,True,polo-ladies-long-sleeve,POLO - LADIES LONG SLEEVE.png
POLO - LADIES ORANGE AND ROYAL DRI-FIT,$29.95,True,polo-ladies-orange-and-royal-dri-fit,POLO - LADIES ORANGE AND ROYAL DRI-FIT.png | POLO - LADIES ORANGE AND ROYAL DRI-FIT (2).png
POLO - LADIES ROYAL DRI-FIT,$29.95,True,polo-ladies-royal-dri-fit,POLO - LADIES ROYAL DRI-FIT.png
"POLO - MENS ""NIKE"" DRI-FIT",$44.95,True,gd-1963kdc,POLO - MENS NIKE DRI-FIT.png | POLO - MENS NIKE DRI-FIT (2).png | POLO - MENS NIKE DRI-FIT (3).png | POLO - MENS NIKE DRI-FIT (4).png
"POLO - MENS ""NIKE"" DRI-FIT",$49.95,True,gd-nkdc3691,POLO - MENS NIKE DRI-FIT [2].png | POLO - MENS NIKE DRI-FIT [2] (2).png | POLO - MENS NIKE DRI-FIT [2] (3).png | POLO - MENS NIKE DRI-FIT [2] (4).png
POLO - MENS CLASSIC 60/40 BLEND,$27.95,True,polo-mens-classic-6040-blend,POLO - MENS CLASSIC 60-40 BLEND.png | POLO - MENS CLASSIC 60-40 BLEND (2).png | POLO - MENS CLASSIC 60-40 BLEND (3).png | POLO - MENS CLASSIC 60-40 BLEND (4).png
POLO - MENS DRI-FIT,$29.95,True,gd056st,POLO - MENS DRI-FIT.png | POLO - MENS DRI-FIT (2).png | POLO - MENS DRI-FIT (3).png | POLO - MENS DRI-FIT (4).png
POLO - MENS LONG SLEEVE,$32.95,True,polo-mens-long-sleeve,POLO - MENS LONG SLEEVE.png
POLO - MENS ROYAL DRI-FIT,$29.95,True,polo-mens-royal-dri-fit,POLO - MENS ROYAL DRI-FIT.png
POLO - RL YOUTH BOYS DRI-FIT,$29.95,True,polo-rl-youth-boys-dri-fit-,POLO - RL YOUTH BOYS DRI-FIT.png
POLO - YOUTH DRIFIT,$29.95,True,polo-youth-drifit,POLO - YOUTH DRIFIT.png
POLO - YOUTH SILK FEEL/STYLE,$29.95,True,polo-youth-silk-feelstyle,POLO - YOUTH SILK FEEL-STYLE.png | POLO - YOUTH SILK FEEL-STYLE (2).png | POLO - YOUTH SILK FEEL-STYLE (3).png
PPD COMMUNICATIONS LADIES & MENS CLASSSIC BLEND POLOS,$29.95,True,ppd-communications-ladies-mens-classsic-blend-polos,PPD COMMUNICATIONS LADIES & MENS CLASSSIC BLEND POLOS.png | PPD COMMUNICATIONS LADIES & MENS CLASSSIC BLEND POLOS (2).png
PRACTICE LIKE A CHAMPION DESIGN,$29.95,True,practice-like-a-champion-design,PRACTICE LIKE A CHAMPION DESIGN.png | PRACTICE LIKE A CHAMPION DESIGN (2).png | PRACTICE LIKE A CHAMPION DESIGN (3).png | PRACTICE LIKE A CHAMPION DESIGN (4).png
PROTECT THE NEST APPAREL,$27.95,True,protect-the-nest-apparel,PROTECT THE NEST APPAREL.png | PROTECT THE NEST APPAREL (2).png | PROTECT THE NEST APPAREL (3).png | PROTECT THE NEST APPAREL (4).png
"PULLOVER - ""CLASS OF"" EDITION",$44.95,True,pullover-class-of-edition,PULLOVER - CLASS OF EDITION.png | PULLOVER - CLASS OF EDITION (2).png | PULLOVER - CLASS OF EDITION (3).png | PULLOVER - CLASS OF EDITION (4).png | PULLOVER - CLASS OF EDITION (5).png | PULLOVER - CLASS OF EDITION (6).png
PULLOVER - ADULT (MENS SIZED) NAVY / LIGHT BLUE / WHITE OPTIONS,$34.95,True,pullover-adult-mens-sized-navy-light-blue-white-options,PULLOVER - ADULT (MENS SIZED) NAVY - LIGHT BLUE - WHITE OPTIONS.png | PULLOVER - ADULT (MENS SIZED) NAVY - LIGHT BLUE - WHITE OPTIONS (2).png | PULLOVER - ADULT (MENS SIZED) NAVY - LIGHT BLUE - WHITE OPTIONS (3).png | PULLOVER - ADULT (MENS SIZED) NAVY - LIGHT BLUE - WHITE OPTIONS (4).png
PULLOVER - ADULT SIZED NAVY / LIGHT BLUE / WHITE OPTIONS,$39.95,True,pullover-adult-sized-navy-light-blue-white-options,PULLOVER - ADULT SIZED NAVY - LIGHT BLUE - WHITE OPTIONS.png | PULLOVER - ADULT SIZED NAVY - LIGHT BLUE - WHITE OPTIONS (2).png | PULLOVER - ADULT SIZED NAVY - LIGHT BLUE - WHITE OPTIONS (3).png | PULLOVER - ADULT SIZED NAVY - LIGHT BLUE - WHITE OPTIONS (4).png | PULLOVER - ADULT SIZED NAVY - LIGHT BLUE - WHITE OPTIONS (5).png | PULLOVER - ADULT SIZED NAVY - LIGHT BLUE - WHITE OPTIONS (6).png | PULLOVER - ADULT SIZED NAVY - LIGHT BLUE - WHITE OPTIONS (7).png
PULLOVER - YOUTH (BOYS) SIZED,$34.95,True,gdb00081,PULLOVER - YOUTH (BOYS) SIZED.png | PULLOVER - YOUTH (BOYS) SIZED (2).png | PULLOVER - YOUTH (BOYS) SIZED (3).png | PULLOVER - YOUTH (BOYS) SIZED (4).png
RIDGELINE CHEER I DESIGN,$24.95,True,ridgeline-cheer-i-design,RIDGELINE CHEER I DESIGN.png | RIDGELINE CHEER I DESIGN (2).png | RIDGELINE CHEER I DESIGN (3).png | RIDGELINE CHEER I DESIGN (4).png | RIDGELINE CHEER I DESIGN (5).png
RIDGELINE EAGLE HEAD VISOR,$19.95,True,ridgeline-eagle-head-visor,RIDGELINE EAGLE HEAD VISOR.png | RIDGELINE EAGLE HEAD VISOR (2).png | RIDGELINE EAGLE HEAD VISOR (3).png
RIDGELINE SPORT 2-TONE SPORT DESIGN,$24.95,True,ridgeline-sport-2-tone-sport-design-,RIDGELINE SPORT 2-TONE SPORT DESIGN.png | RIDGELINE SPORT 2-TONE SPORT DESIGN (2).png
RL ADULT/YOUTH PE SHIRTS,$17.95,True,rl-adultyouth-pe-shirts,RL ADULT-YOUTH PE SHIRTS.png | RL ADULT-YOUTH PE SHIRTS (2).png
RL MENS DRI-FIT ROYAL ORANGE POLO,$29.95,True,rl-mens-dri-fit-royal-orange-polo,RL MENS DRI-FIT ROYAL ORANGE POLO.png | RL MENS DRI-FIT ROYAL ORANGE POLO (2).png
SCARF - NVCA LION,$19.95,True,scarf-nvca-lion,SCARF - NVCA LION.png
SERVE AS JESUS DID DESIGN,$24.95,True,serve-as-jesus-did-design,SERVE AS JESUS DID DESIGN.png | SERVE AS JESUS DID DESIGN (2).png | SERVE AS JESUS DID DESIGN (3).png | SERVE AS JESUS DID DESIGN (4).png | SERVE AS JESUS DID DESIGN (5).png | SERVE AS JESUS DID DESIGN (6).png
SLEEP DEPRIVED & BARELY ALIVE DESIGN,$24.95,True,sleep-deprived-barely-alive-design,SLEEP DEPRIVED & BARELY ALIVE DESIGN.png | SLEEP DEPRIVED & BARELY ALIVE DESIGN (2).png | SLEEP DEPRIVED & BARELY ALIVE DESIGN (3).png | SLEEP DEPRIVED & BARELY ALIVE DESIGN (4).png | SLEEP DEPRIVED & BARELY ALIVE DESIGN (5).png | SLEEP DEPRIVED & BARELY ALIVE DESIGN (6).png
"SPIRIT DESIGN - ""EAGELE EYES""",$24.95,True,spirit-design-eagele-eyes,SPIRIT DESIGN - EAGELE EYES.png | SPIRIT DESIGN - EAGELE EYES (2).png | SPIRIT DESIGN - EAGELE EYES (3).png | SPIRIT DESIGN - EAGELE EYES (4).png | SPIRIT DESIGN - EAGELE EYES (5).png
"SPIRIT DESIGN - ""PROUD EAGLE""",$24.95,True,spirit-design-proud-eagle,SPIRIT DESIGN - PROUD EAGLE.png | SPIRIT DESIGN - PROUD EAGLE (2).png | SPIRIT DESIGN - PROUD EAGLE (3).png | SPIRIT DESIGN - PROUD EAGLE (4).png | SPIRIT DESIGN - PROUD EAGLE (5).png | SPIRIT DESIGN - PROUD EAGLE (6).png | SPIRIT DESIGN - PROUD EAGLE (7).png | SPIRIT DESIGN - PROUD EAGLE (8).png
SPIRIT DESIGN - LOVE EAGLES,$24.95,True,spirit-design-love-eagles,SPIRIT DESIGN - LOVE EAGLES.png | SPIRIT DESIGN - LOVE EAGLES (2).png | SPIRIT DESIGN - LOVE EAGLES (3).png | SPIRIT DESIGN - LOVE EAGLES (4).png
"SPIRIT TEE - ""THE RIDGE""",$24.95,True,spirit-tee-the-ridge,SPIRIT TEE - THE RIDGE.png | SPIRIT TEE - THE RIDGE (2).png | SPIRIT TEE - THE RIDGE (3).png | SPIRIT TEE - THE RIDGE (4).png | SPIRIT TEE - THE RIDGE (5).png | SPIRIT TEE - THE RIDGE (6).png | SPIRIT TEE - THE RIDGE (7).png
SPIRIT TEE - PROPERTY OF AD DEPT,$24.95,True,spirit-tee-property-of-ad-dept,SPIRIT TEE - PROPERTY OF AD DEPT.png | SPIRIT TEE - PROPERTY OF AD DEPT (2).png | SPIRIT TEE - PROPERTY OF AD DEPT (3).png
ST ROSE LADIES SHORT SLEEVE TEE - VNECK - PULLOVER,$21.95,True,st-rose-ladies-short-sleeve-tee-vneck-pullover,ST ROSE LADIES SHORT SLEEVE TEE - VNECK - PULLOVER.png
STADIUM BLANKET,$34.95,True,stadium-blanket,STADIUM BLANKET.png
STEM APPAREL,$27.95,True,stem-apparel,STEM APPAREL.png | STEM APPAREL (2).png | STEM APPAREL (3).png | STEM APPAREL (4).png
SWEATSHIRT - ADULT (MENS SIZED) NAVY/ LT BLUE / GRAY / WHITE,$29.95,True,sweatshirt-adult-mens-sized-navy-lt-blue-gray-white-,SWEATSHIRT - ADULT (MENS SIZED) NAVY- LT BLUE - GRAY - WHITE.png | SWEATSHIRT - ADULT (MENS SIZED) NAVY- LT BLUE - GRAY - WHITE (2).png | SWEATSHIRT - ADULT (MENS SIZED) NAVY- LT BLUE - GRAY - WHITE (3).png | SWEATSHIRT - ADULT (MENS SIZED) NAVY- LT BLUE - GRAY - WHITE (4).png
SWEATSHIRTS - YOUTH SIZED,$29.95,True,sweatshirts-youth-sized,SWEATSHIRTS - YOUTH SIZED.png | SWEATSHIRTS - YOUTH SIZED (2).png | SWEATSHIRTS - YOUTH SIZED (3).png | SWEATSHIRTS - YOUTH SIZED (4).png
TEE- ADULT SIZING SPIRIT TEES,$27.95,True,tee-adult-sizing-spirit-tees,TEE- ADULT SIZING SPIRIT TEES.png | TEE- ADULT SIZING SPIRIT TEES (2).png | TEE- ADULT SIZING SPIRIT TEES (3).png | TEE- ADULT SIZING SPIRIT TEES (4).png | TEE- ADULT SIZING SPIRIT TEES (5).png | TEE- ADULT SIZING SPIRIT TEES (6).png
TEE- YOUTH SIZED SPIRIT SHIRTS,$27.95,True,-tee-youth-sized-spirit-shirts,TEE- YOUTH SIZED SPIRIT SHIRTS.png | TEE- YOUTH SIZED SPIRIT SHIRTS (2).png | TEE- YOUTH SIZED SPIRIT SHIRTS (3).png | TEE- YOUTH SIZED SPIRIT SHIRTS (4).png
TRIBEGEAR -MENS SIZED TEES,$24.95,True,tribegear-mens-sized-tees,TRIBEGEAR -MENS SIZED TEES.png
TRUCKER HATS WITH PATCH,$29.95,True,trucker-hats-with-patch,TRUCKER HATS WITH PATCH.png
USA FLAG DESIGN,$27.95,True,usa-flag-design,USA FLAG DESIGN.png | USA FLAG DESIGN (2).png | USA FLAG DESIGN (3).png | USA FLAG DESIGN (4).png | USA FLAG DESIGN (5).png | USA FLAG DESIGN (6).png | USA FLAG DESIGN (7).png | USA FLAG DESIGN (8).png
VARISTY INSULATED HOODED JACKET - MENS SIZED,$89.95,True,varisty-insulated-hooded-jacket-mens-sized,VARISTY INSULATED HOODED JACKET - MENS SIZED.png | VARISTY INSULATED HOODED JACKET - MENS SIZED (2).png
VEHICLE DECALS,$4.95,True,vehicle-decals,VEHICLE DECALS.png | VEHICLE DECALS (2).png | VEHICLE DECALS (3).png | VEHICLE DECALS (4).png
WE ARE EAGLES APPAREL,$24.95,True,we-are-eagles-apparel,WE ARE EAGLES APPAREL.png | WE ARE EAGLES APPAREL (2).png | WE ARE EAGLES APPAREL (3).png | WE ARE EAGLES APPAREL (4).png | WE ARE EAGLES APPAREL (5).png
WE ARE EAGLES DESIGN,$24.95,True,we-are-eagles-design,WE ARE EAGLES DESIGN.png | WE ARE EAGLES DESIGN (2).png | WE ARE EAGLES DESIGN (3).png | WE ARE EAGLES DESIGN (4).png
"YOUTH & LADIES ""POM"" APPAREL",$24.95,True,youth-ladies-pom-apparel,YOUTH & LADIES POM APPAREL.png | YOUTH & LADIES POM APPAREL (2).png | YOUTH & LADIES POM APPAREL (3).png | YOUTH & LADIES POM APPAREL (4).png | YOUTH & LADIES POM APPAREL (5).png | YOUTH & LADIES POM APPAREL (6).png
YOUTH CORE JACKET,$44.95,True,youth-core-jacket,YOUTH CORE JACKET.png
YOUTH OR ADULT ROYAL PULLOVER,$34.95,True,youth-or-adult-royal-pullover,YOUTH OR ADULT ROYAL PULLOVER.png
YOUTH OR ADULT ZIPPERED SWEATSHIRT,$34.95,True,youth-or-adult-zippered-sweatshirt,YOUTH OR ADULT ZIPPERED SWEATSHIRT.png
ZIPPERED HOODIES - ADULT SIZING NAVY / GRAY / LT BLUE / WHITE,$34.95,True,zippered-hoodies-adult-sizing-navy-gray-lt-blue-white,ZIPPERED HOODIES - ADULT SIZING NAVY - GRAY - LT BLUE - WHITE.png | ZIPPERED HOODIES - ADULT SIZING NAVY - GRAY - LT BLUE - WHITE (2).png | ZIPPERED HOODIES - ADULT SIZING NAVY - GRAY - LT BLUE - WHITE (3).png | ZIPPERED HOODIES - ADULT SIZING NAVY - GRAY - LT BLUE - WHITE (4).png
ZIPPERED HOODIES - YOUTH SIZING NAVY / GRAY / LT BLUE / WHITE,$34.95,True,zippered-hoodies-youth-sizing-navy-gray-lt-blue-white,ZIPPERED HOODIES - YOUTH SIZING NAVY - GRAY - LT BLUE - WHITE.png | ZIPPERED HOODIES - YOUTH SIZING NAVY - GRAY - LT BLUE - WHITE (2).png | ZIPPERED HOODIES - YOUTH SIZING NAVY - GRAY - LT BLUE - WHITE (3).png | ZIPPERED HOODIES - YOUTH SIZING NAVY - GRAY - LT BLUE - WHITE (4).png
